"placette","fascine","type","espece","ID","numero","longueur.touffe","largeur.touffe","hauteur.max.feuille","nombre.reprises","inflorescence","date","heure","operateur","remarques","numero_suivi","annee"
1,1,"helophyte","Carex nigra","CN2",2,4.5,4,19,NA,NA,2023-09-20,"14:00","Benjamin",NA,1,"2023"
1,1,"helophyte","Carex nigra","CN6",6,4.5,3.5,22,NA,NA,2023-09-20,"14:00","Benjamin",NA,1,"2023"
1,1,"helophyte","Carex nigra","CN9",9,3,2.5,23.5,NA,NA,2023-09-20,"14:00","Benjamin",NA,1,"2023"
1,2,"helophyte","Carex nigra","CN10",1,7.5,4.5,19,NA,NA,2023-09-20,"14:00","Benjamin",NA,1,"2023"
1,2,"helophyte","Carex nigra","CN11",2,3.5,3,20.5,NA,NA,2023-09-20,"14:00","Benjamin",NA,1,"2023"
1,2,"helophyte","Carex nigra","CN12",3,4,3,20,NA,NA,2023-09-20,"14:00","Benjamin",NA,1,"2023"
1,2,"helophyte","Carex nigra","CN13",4,6,4,26.5,NA,NA,2023-09-20,"14:00","Benjamin",NA,1,"2023"
1,2,"helophyte","Carex nigra","CN14",5,4,3.5,19,NA,NA,2023-09-20,"14:00","Benjamin",NA,1,"2023"
1,2,"helophyte","Carex nigra","CN15",6,4.5,3.5,21.5,NA,NA,2023-09-20,"14:00","Benjamin",NA,1,"2023"
1,2,"helophyte","Carex nigra","CN16",7,5,4,21,NA,NA,2023-09-20,"14:00","Benjamin",NA,1,"2023"
1,2,"helophyte","Carex nigra","CN17",8,4.5,3,21,NA,NA,2023-09-20,"14:00","Benjamin",NA,1,"2023"
1,2,"helophyte","Carex nigra","CN18",9,3,2,19,NA,NA,2023-09-20,"14:00","Benjamin",NA,1,"2023"
2,3,"helophyte","Eriophorum angustifolium","EA1",1,3.5,3,31.5,NA,NA,2023-09-20,"14:30","Benjamin",NA,1,"2023"
2,3,"helophyte","Eriophorum angustifolium","EA2",2,4,3,29.5,NA,NA,2023-09-20,"14:30","Benjamin",NA,1,"2023"
2,3,"helophyte","Eriophorum angustifolium","EA3",3,4.5,3,33.5,NA,NA,2023-09-20,"14:30","Benjamin",NA,1,"2023"
2,3,"helophyte","Eriophorum angustifolium","EA4",4,2,0.5,28.5,NA,NA,2023-09-20,"14:30","Benjamin",NA,1,"2023"
2,3,"helophyte","Eriophorum angustifolium","EA5",5,1.5,1.5,30,NA,NA,2023-09-20,"14:30","Benjamin",NA,1,"2023"
2,3,"helophyte","Eriophorum angustifolium","EA6",6,3.5,2,28.5,NA,NA,2023-09-20,"14:30","Benjamin",NA,1,"2023"
2,3,"helophyte","Eriophorum angustifolium","EA7",7,2.5,2,23,NA,NA,2023-09-20,"14:30","Benjamin",NA,1,"2023"
2,3,"helophyte","Eriophorum angustifolium","EA9",9,3,2,32,NA,NA,2023-09-20,"14:30","Benjamin",NA,1,"2023"
2,4,"helophyte","Eriophorum angustifolium","EA11",2,3.5,2,42,NA,NA,2023-09-20,"14:30","Benjamin",NA,1,"2023"
2,4,"helophyte","Eriophorum angustifolium","EA12",3,5,3.5,28.5,NA,NA,2023-09-20,"14:30","Benjamin",NA,1,"2023"
2,4,"helophyte","Eriophorum angustifolium","EA15",6,4,3,42,NA,NA,2023-09-20,"14:30","Benjamin",NA,1,"2023"
2,4,"helophyte","Eriophorum angustifolium","EA17",8,3,3,39.5,NA,NA,2023-09-20,"14:30","Benjamin",NA,1,"2023"
2,4,"helophyte","Eriophorum angustifolium","EA18",9,2.5,2,38,NA,NA,2023-09-20,"14:30","Benjamin",NA,1,"2023"
3,5,"helophyte","Carex nigra","CN19",1,4,2.5,21,NA,NA,2023-09-20,"14:00","Stephanie",NA,1,"2023"
3,5,"helophyte","Carex nigra","CN20",2,4,2.5,22.5,NA,NA,2023-09-20,"14:00","Stephanie",NA,1,"2023"
3,5,"helophyte","Carex nigra","CN21",3,2.5,3,22,NA,NA,2023-09-20,"14:00","Stephanie",NA,1,"2023"
3,5,"helophyte","Carex nigra","CN22",4,3,3.5,24.5,NA,NA,2023-09-20,"14:00","Stephanie",NA,1,"2023"
3,5,"helophyte","Carex nigra","CN23",5,3,2,18.5,NA,NA,2023-09-20,"14:00","Stephanie",NA,1,"2023"
3,5,"helophyte","Carex nigra","CN24",6,3.5,3,32,NA,NA,2023-09-20,"14:00","Stephanie",NA,1,"2023"
3,5,"helophyte","Carex nigra","CN25",7,2.5,2.5,18,NA,NA,2023-09-20,"14:00","Stephanie",NA,1,"2023"
3,5,"helophyte","Carex nigra","CN26",8,2,1.5,16,NA,NA,2023-09-20,"14:00","Stephanie",NA,1,"2023"
3,5,"helophyte","Carex nigra","CN27",9,5,3.5,22,NA,NA,2023-09-20,"14:00","Stephanie",NA,1,"2023"
3,6,"helophyte","Carex nigra","CN28",1,4,2,17.5,NA,NA,2023-09-20,"14:00","Stephanie",NA,1,"2023"
3,6,"helophyte","Carex nigra","CN29",2,3.5,1.5,17,NA,NA,2023-09-20,"14:00","Stephanie",NA,1,"2023"
3,6,"helophyte","Carex nigra","CN30",3,2.5,1,17,NA,NA,2023-09-20,"14:00","Stephanie",NA,1,"2023"
3,6,"helophyte","Carex nigra","CN31",4,1.5,1.5,16,NA,NA,2023-09-20,"14:00","Stephanie",NA,1,"2023"
3,6,"helophyte","Carex nigra","CN33",6,3,1.5,19.5,NA,NA,2023-09-20,"14:00","Stephanie",NA,1,"2023"
3,6,"helophyte","Carex nigra","CN34",7,2.5,2,20.5,NA,NA,2023-09-20,"14:00","Stephanie",NA,1,"2023"
4,7,"helophyte","Eriophorum angustifolium","EA20",2,2,1.5,35,NA,NA,2023-09-20,"14:30","Stephanie",NA,1,"2023"
4,7,"helophyte","Eriophorum angustifolium","EA21",3,3,2.5,41,NA,NA,2023-09-20,"14:30","Stephanie",NA,1,"2023"
4,7,"helophyte","Eriophorum angustifolium","EA25",7,3.5,2,30.5,NA,NA,2023-09-20,"14:30","Stephanie",NA,1,"2023"
4,7,"helophyte","Eriophorum angustifolium","EA27",9,2,1,32.5,NA,NA,2023-09-20,"14:30","Stephanie",NA,1,"2023"
4,8,"helophyte","Eriophorum angustifolium","EA29",2,3,3,31.5,NA,NA,2023-09-20,"14:30","Stephanie",NA,1,"2023"
4,8,"helophyte","Eriophorum angustifolium","EA30",3,4,2.5,31,NA,NA,2023-09-20,"14:30","Stephanie",NA,1,"2023"
4,8,"helophyte","Eriophorum angustifolium","EA32",5,3,1,33.5,NA,NA,2023-09-20,"14:30","Stephanie",NA,1,"2023"
4,8,"helophyte","Eriophorum angustifolium","EA33",6,3,2,43,NA,NA,2023-09-20,"14:30","Stephanie",NA,1,"2023"
4,8,"helophyte","Eriophorum angustifolium","EA35",8,3,3,47,NA,NA,2023-09-20,"14:30","Stephanie",NA,1,"2023"
4,8,"helophyte","Eriophorum angustifolium","EA36",9,2.5,2,35,NA,NA,2023-09-20,"14:30","Stephanie",NA,1,"2023"
5,9,"helophyte","Carex nigra","CN37",1,3.5,1.5,17,NA,NA,2023-09-20,"15:00","Benjamin",NA,1,"2023"
5,9,"helophyte","Carex nigra","CN38",2,3,2.5,26,NA,NA,2023-09-20,"15:00","Benjamin",NA,1,"2023"
5,9,"helophyte","Carex nigra","CN39",3,3,2.5,20.5,NA,NA,2023-09-20,"15:00","Benjamin",NA,1,"2023"
5,9,"helophyte","Carex nigra","CN40",4,3,3,15,NA,NA,2023-09-20,"15:00","Benjamin",NA,1,"2023"
5,9,"helophyte","Carex nigra","CN41",5,4,3,18,NA,NA,2023-09-20,"15:00","Benjamin",NA,1,"2023"
5,9,"helophyte","Carex nigra","CN42",6,3,4,17,NA,NA,2023-09-20,"15:00","Benjamin",NA,1,"2023"
5,9,"helophyte","Carex nigra","CN43",7,4.5,4,24,NA,NA,2023-09-20,"15:00","Benjamin",NA,1,"2023"
5,9,"helophyte","Carex nigra","CN44",8,3,2,21,NA,NA,2023-09-20,"15:00","Benjamin",NA,1,"2023"
5,10,"helophyte","Carex nigra","CN46",1,4,3,20,NA,NA,2023-09-20,"15:00","Stephanie",NA,1,"2023"
5,10,"helophyte","Carex nigra","CN47",2,6,4.5,21,NA,NA,2023-09-20,"15:00","Stephanie",NA,1,"2023"
5,10,"helophyte","Carex nigra","CN48",3,4,3,19.5,NA,NA,2023-09-20,"15:00","Stephanie",NA,1,"2023"
5,10,"helophyte","Carex nigra","CN49",4,4,3.5,21,NA,NA,2023-09-20,"15:00","Stephanie",NA,1,"2023"
5,10,"helophyte","Carex nigra","CN51",6,3.5,2,21,NA,NA,2023-09-20,"15:00","Stephanie",NA,1,"2023"
5,10,"helophyte","Carex nigra","CN52",7,2.5,1.5,22,NA,NA,2023-09-20,"15:00","Stephanie",NA,1,"2023"
5,10,"helophyte","Carex nigra","CN53",8,4,3,30,NA,NA,2023-09-20,"15:00","Stephanie",NA,1,"2023"
5,10,"helophyte","Carex nigra","CN54",9,3,2,19,NA,NA,2023-09-20,"15:00","Stephanie",NA,1,"2023"
6,11,"helophyte","Eriophorum angustifolium","EA38",2,5,0.5,20,NA,NA,2023-09-20,"14:00","Alexis",NA,1,"2023"
6,11,"helophyte","Eriophorum angustifolium","EA40",4,2.5,1.5,39,NA,NA,2023-09-20,"14:00","Alexis",NA,1,"2023"
6,11,"helophyte","Eriophorum angustifolium","EA43",7,4.5,4,44,NA,NA,2023-09-20,"14:00","Alexis",NA,1,"2023"
6,11,"helophyte","Eriophorum angustifolium","EA44",8,3,1.5,36,NA,NA,2023-09-20,"14:00","Alexis",NA,1,"2023"
6,11,"helophyte","Eriophorum angustifolium","EA45",9,2.5,2,56,NA,NA,2023-09-20,"14:00","Alexis",NA,1,"2023"
6,12,"helophyte","Eriophorum angustifolium","EA46",1,3,1,28,NA,NA,2023-09-20,"14:00","Alexis",NA,1,"2023"
6,12,"helophyte","Eriophorum angustifolium","EA47",2,5.5,2.5,39,NA,NA,2023-09-20,"14:00","Alexis",NA,1,"2023"
6,12,"helophyte","Eriophorum angustifolium","EA48",3,3,2.5,30,NA,NA,2023-09-20,"14:00","Alexis",NA,1,"2023"
6,12,"helophyte","Eriophorum angustifolium","EA50",5,2.5,2,25,NA,NA,2023-09-20,"14:00","Alexis",NA,1,"2023"
6,12,"helophyte","Eriophorum angustifolium","EA51",6,4,3,23.5,NA,NA,2023-09-20,"14:00","Alexis",NA,1,"2023"
6,12,"helophyte","Eriophorum angustifolium","EA53",8,2,1.5,26,NA,NA,2023-09-20,"14:00","Alexis",NA,1,"2023"
6,12,"helophyte","Eriophorum angustifolium","EA54",9,3.5,2.5,36,NA,NA,2023-09-20,"14:00","Alexis",NA,1,"2023"
7,13,"helophyte","Carex nigra","CN55",1,4,2.5,17.5,NA,NA,2023-09-20,"15:30","Benjamin",NA,1,"2023"
7,13,"helophyte","Carex nigra","CN56",2,2,2.5,18,NA,NA,2023-09-20,"15:30","Benjamin",NA,1,"2023"
7,13,"helophyte","Carex nigra","CN57",3,3,3,19,NA,NA,2023-09-20,"15:30","Benjamin",NA,1,"2023"
7,13,"helophyte","Carex nigra","CN58",4,2,2,15,NA,NA,2023-09-20,"15:30","Benjamin",NA,1,"2023"
7,13,"helophyte","Carex nigra","CN59",5,4,3,20,NA,NA,2023-09-20,"15:30","Benjamin",NA,1,"2023"
7,13,"helophyte","Carex nigra","CN60",6,4,3,15,NA,NA,2023-09-20,"15:30","Benjamin",NA,1,"2023"
7,13,"helophyte","Carex nigra","CN61",7,4.5,2.5,18.5,NA,NA,2023-09-20,"15:30","Benjamin",NA,1,"2023"
7,13,"helophyte","Carex nigra","CN62",8,5.5,4,21,NA,NA,2023-09-20,"15:30","Benjamin",NA,1,"2023"
7,13,"helophyte","Carex nigra","CN63",9,3,2,16,NA,NA,2023-09-20,"15:30","Benjamin",NA,1,"2023"
7,14,"helophyte","Carex nigra","CN64",1,3.5,3,20,NA,NA,2023-09-20,"15:30","Benjamin",NA,1,"2023"
7,14,"helophyte","Carex nigra","CN65",2,4,2,18,NA,NA,2023-09-20,"15:30","Benjamin",NA,1,"2023"
7,14,"helophyte","Carex nigra","CN66",3,3,2,23,NA,NA,2023-09-20,"15:30","Benjamin",NA,1,"2023"
7,14,"helophyte","Carex nigra","CN67",4,3.5,1.5,18,NA,NA,2023-09-20,"15:30","Benjamin",NA,1,"2023"
7,14,"helophyte","Carex nigra","CN68",5,3,1.5,16,NA,NA,2023-09-20,"15:30","Benjamin",NA,1,"2023"
7,14,"helophyte","Carex nigra","CN69",6,4,3.5,18,NA,NA,2023-09-20,"15:30","Benjamin",NA,1,"2023"
7,14,"helophyte","Carex nigra","CN70",7,4,3,18.5,NA,NA,2023-09-20,"15:30","Benjamin",NA,1,"2023"
7,14,"helophyte","Carex nigra","CN71",8,3.5,2,15,NA,NA,2023-09-20,"15:30","Benjamin",NA,1,"2023"
8,15,"helophyte","Eriophorum angustifolium","EA55",1,3.5,2,35,NA,NA,2023-09-20,"14:30","Alexis",NA,1,"2023"
8,15,"helophyte","Eriophorum angustifolium","EA56",2,2.5,1,33,NA,NA,2023-09-20,"14:30","Alexis",NA,1,"2023"
8,15,"helophyte","Eriophorum angustifolium","EA57",3,5,3,47,NA,NA,2023-09-20,"14:30","Alexis",NA,1,"2023"
8,15,"helophyte","Eriophorum angustifolium","EA60",6,2,1,40,NA,NA,2023-09-20,"14:30","Alexis",NA,1,"2023"
8,15,"helophyte","Eriophorum angustifolium","EA61",7,2.5,2,47,NA,NA,2023-09-20,"14:30","Alexis",NA,1,"2023"
8,15,"helophyte","Eriophorum angustifolium","EA62",8,3,2,40.5,NA,NA,2023-09-20,"14:30","Alexis",NA,1,"2023"
8,15,"helophyte","Eriophorum angustifolium","EA63",9,2.5,2,45,NA,NA,2023-09-20,"14:30","Alexis",NA,1,"2023"
8,16,"helophyte","Eriophorum angustifolium","EA64",1,4,2.5,45,NA,NA,2023-09-20,"14:30","Alexis",NA,1,"2023"
8,16,"helophyte","Eriophorum angustifolium","EA65",2,4,3,35,NA,NA,2023-09-20,"14:30","Alexis",NA,1,"2023"
8,16,"helophyte","Eriophorum angustifolium","EA66",3,3,2,32,NA,NA,2023-09-20,"14:30","Alexis",NA,1,"2023"
8,16,"helophyte","Eriophorum angustifolium","EA67",4,3.5,2,40,NA,NA,2023-09-20,"14:30","Alexis",NA,1,"2023"
8,16,"helophyte","Eriophorum angustifolium","EA68",5,4,3,40.5,NA,NA,2023-09-20,"14:30","Alexis",NA,1,"2023"
8,16,"helophyte","Eriophorum angustifolium","EA69",6,2.5,2,35,NA,NA,2023-09-20,"14:30","Alexis",NA,1,"2023"
8,16,"helophyte","Eriophorum angustifolium","EA70",7,3,2.5,42,NA,NA,2023-09-20,"14:30","Alexis",NA,1,"2023"
8,16,"helophyte","Eriophorum angustifolium","EA71",8,2,2.5,36,NA,NA,2023-09-20,"14:30","Alexis",NA,1,"2023"
8,16,"helophyte","Eriophorum angustifolium","EA72",9,3.5,2,42,NA,NA,2023-09-20,"14:30","Alexis",NA,1,"2023"
9,17,"helophyte","Carex nigra","CN73",1,4.5,3.5,23,NA,NA,2023-09-20,"15:30","Stephanie",NA,1,"2023"
9,17,"helophyte","Carex nigra","CN74",2,2.5,2,26,NA,NA,2023-09-20,"15:30","Stephanie",NA,1,"2023"
9,17,"helophyte","Carex nigra","CN75",3,3,3.5,20,NA,NA,2023-09-20,"15:30","Stephanie",NA,1,"2023"
9,17,"helophyte","Carex nigra","CN76",4,3,2.5,25.5,NA,NA,2023-09-20,"15:30","Stephanie",NA,1,"2023"
9,17,"helophyte","Carex nigra","CN77",5,5,3.5,24,NA,NA,2023-09-20,"15:30","Stephanie",NA,1,"2023"
9,17,"helophyte","Carex nigra","CN78",6,3.5,3,21,NA,NA,2023-09-20,"15:30","Stephanie",NA,1,"2023"
9,17,"helophyte","Carex nigra","CN81",9,3,2.5,28,NA,NA,2023-09-20,"15:30","Stephanie",NA,1,"2023"
9,18,"helophyte","Carex nigra","CN82",1,4,2.5,22,NA,NA,2023-09-20,"15:30","Stephanie",NA,1,"2023"
9,18,"helophyte","Carex nigra","CN83",2,3,1,19,NA,NA,2023-09-20,"15:30","Stephanie",NA,1,"2023"
9,18,"helophyte","Carex nigra","CN84",3,5,3.5,22,NA,NA,2023-09-20,"15:30","Stephanie",NA,1,"2023"
9,18,"helophyte","Carex nigra","CN86",5,5,3,28,NA,NA,2023-09-20,"15:30","Stephanie",NA,1,"2023"
9,18,"helophyte","Carex nigra","CN87",6,3.5,2,25,NA,NA,2023-09-20,"15:30","Stephanie",NA,1,"2023"
9,18,"helophyte","Carex nigra","CN88",7,3,2.5,19,NA,NA,2023-09-20,"15:30","Stephanie",NA,1,"2023"
9,18,"helophyte","Carex nigra","CN89",8,3,2,23.5,NA,NA,2023-09-20,"15:30","Stephanie",NA,1,"2023"
9,18,"helophyte","Carex nigra","CN90",9,3.5,2,17,NA,NA,2023-09-20,"15:30","Stephanie",NA,1,"2023"
10,19,"helophyte","Eriophorum angustifolium","EA73",1,4,2.5,41,NA,NA,2023-09-20,"16:00","Stephanie + Alexis",NA,1,"2023"
10,19,"helophyte","Eriophorum angustifolium","EA74",2,2.5,0.5,25,NA,NA,2023-09-20,"16:00","Stephanie + Alexis",NA,1,"2023"
10,19,"helophyte","Eriophorum angustifolium","EA75",3,3.5,1.5,43,NA,NA,2023-09-20,"16:00","Stephanie + Alexis",NA,1,"2023"
10,19,"helophyte","Eriophorum angustifolium","EA76",4,3,2.5,35,NA,NA,2023-09-20,"16:00","Stephanie + Alexis",NA,1,"2023"
10,19,"helophyte","Eriophorum angustifolium","EA77",5,3.5,2,29,NA,NA,2023-09-20,"16:00","Stephanie + Alexis",NA,1,"2023"
10,19,"helophyte","Eriophorum angustifolium","EA78",6,2,1.5,15,NA,NA,2023-09-20,"16:00","Stephanie + Alexis",NA,1,"2023"
10,19,"helophyte","Eriophorum angustifolium","EA79",7,4,3,34,NA,NA,2023-09-20,"16:00","Stephanie + Alexis",NA,1,"2023"
10,19,"helophyte","Eriophorum angustifolium","EA80",8,3,2,32,NA,NA,2023-09-20,"16:00","Stephanie + Alexis",NA,1,"2023"
10,19,"helophyte","Eriophorum angustifolium","EA81",9,2.5,1,19,NA,NA,2023-09-20,"16:00","Stephanie + Alexis",NA,1,"2023"
10,20,"helophyte","Eriophorum angustifolium","EA82",1,2,1,31,NA,NA,2023-09-20,"16:00","Stephanie + Alexis",NA,1,"2023"
10,20,"helophyte","Eriophorum angustifolium","EA83",2,4,2.5,24,NA,NA,2023-09-20,"16:00","Stephanie + Alexis",NA,1,"2023"
10,20,"helophyte","Eriophorum angustifolium","EA84",3,3.5,2,24,NA,NA,2023-09-20,"16:00","Stephanie + Alexis",NA,1,"2023"
10,20,"helophyte","Eriophorum angustifolium","EA85",4,4.5,3,56,NA,NA,2023-09-20,"16:00","Stephanie + Alexis",NA,1,"2023"
10,20,"helophyte","Eriophorum angustifolium","EA87",6,2.5,2,42,NA,NA,2023-09-20,"16:00","Stephanie + Alexis",NA,1,"2023"
10,20,"helophyte","Eriophorum angustifolium","EA88",7,2.5,1,32.5,NA,NA,2023-09-20,"16:00","Stephanie + Alexis",NA,1,"2023"
10,20,"helophyte","Eriophorum angustifolium","EA89",8,3.5,2.5,35,NA,NA,2023-09-20,"16:00","Stephanie + Alexis",NA,1,"2023"
11,21,"helophyte","Carex nigra","CN91",1,4,3,20,NA,NA,2023-09-20,"16:00","Benjamin",NA,1,"2023"
11,21,"helophyte","Carex nigra","CN92",2,2.5,2,16,NA,NA,2023-09-20,"16:00","Benjamin",NA,1,"2023"
11,21,"helophyte","Carex nigra","CN95",5,4,3,18,NA,NA,2023-09-20,"16:00","Benjamin",NA,1,"2023"
11,21,"helophyte","Carex nigra","CN96",6,3.5,2,26,NA,NA,2023-09-20,"16:00","Benjamin",NA,1,"2023"
11,21,"helophyte","Carex nigra","CN97",7,3,2,17,NA,NA,2023-09-20,"16:00","Benjamin",NA,1,"2023"
11,21,"helophyte","Carex nigra","CN98",8,2,2,23,NA,NA,2023-09-20,"16:00","Benjamin",NA,1,"2023"
11,21,"helophyte","Carex nigra","CN99",9,3,2,26,NA,NA,2023-09-20,"16:00","Benjamin",NA,1,"2023"
11,22,"helophyte","Carex nigra","CN100",1,3,2.5,34,NA,NA,2023-09-20,"16:00","Benjamin",NA,1,"2023"
11,22,"helophyte","Carex nigra","CN102",3,3,1.5,20,NA,NA,2023-09-20,"16:00","Benjamin",NA,1,"2023"
11,22,"helophyte","Carex nigra","CN103",4,2,1,27,NA,NA,2023-09-20,"16:00","Benjamin",NA,1,"2023"
11,22,"helophyte","Carex nigra","CN104",5,2.5,2,14,NA,NA,2023-09-20,"16:00","Benjamin",NA,1,"2023"
11,22,"helophyte","Carex nigra","CN105",6,2.5,2,20,NA,NA,2023-09-20,"16:00","Benjamin",NA,1,"2023"
11,22,"helophyte","Carex nigra","CN106",7,2.5,2,18,NA,NA,2023-09-20,"16:00","Benjamin",NA,1,"2023"
11,22,"helophyte","Carex nigra","CN107",8,2,2,14,NA,NA,2023-09-20,"16:00","Benjamin",NA,1,"2023"
11,22,"helophyte","Carex nigra","CN108",9,2,2,18,NA,NA,2023-09-20,"16:00","Benjamin",NA,1,"2023"
12,23,"helophyte","Eriophorum angustifolium","EA92",2,2.5,1.5,29,NA,NA,2023-09-20,"16:30","Benjamin",NA,1,"2023"
12,23,"helophyte","Eriophorum angustifolium","EA93",3,1,0.5,26,NA,NA,2023-09-20,"16:30","Benjamin",NA,1,"2023"
12,23,"helophyte","Eriophorum angustifolium","EA95",5,2,1,21,NA,NA,2023-09-20,"16:30","Benjamin",NA,1,"2023"
12,23,"helophyte","Eriophorum angustifolium","EA96",6,2,2,26,NA,NA,2023-09-20,"16:30","Benjamin",NA,1,"2023"
12,23,"helophyte","Eriophorum angustifolium","EA97",7,3.5,2,40,NA,NA,2023-09-20,"16:30","Benjamin",NA,1,"2023"
12,23,"helophyte","Eriophorum angustifolium","EA99",9,2,2,41,NA,NA,2023-09-20,"16:30","Benjamin",NA,1,"2023"
12,24,"helophyte","Eriophorum angustifolium","EA101",2,3,1,26,NA,NA,2023-09-20,"16:30","Benjamin",NA,1,"2023"
12,24,"helophyte","Eriophorum angustifolium","EA102",3,3,2,28.5,NA,NA,2023-09-20,"16:30","Benjamin",NA,1,"2023"
12,24,"helophyte","Eriophorum angustifolium","EA106",7,4.5,3.5,27,NA,NA,2023-09-20,"16:30","Benjamin",NA,1,"2023"
12,24,"helophyte","Eriophorum angustifolium","EA108",9,4.5,2,40,NA,NA,2023-09-20,"16:30","Benjamin",NA,1,"2023"
13,25,"helophyte","Carex nigra","CN109",1,4.5,3,20,NA,NA,2023-09-20,"16:00","Florent",NA,1,"2023"
13,25,"helophyte","Carex nigra","CN110",2,5,4.5,19,NA,NA,2023-09-20,"16:00","Florent",NA,1,"2023"
13,25,"helophyte","Carex nigra","CN111",3,3,2,23,NA,NA,2023-09-20,"16:00","Florent",NA,1,"2023"
13,25,"helophyte","Carex nigra","CN112",4,2.5,2.5,22,NA,NA,2023-09-20,"16:00","Florent",NA,1,"2023"
13,25,"helophyte","Carex nigra","CN113",5,4,3,35,NA,NA,2023-09-20,"16:00","Florent",NA,1,"2023"
13,25,"helophyte","Carex nigra","CN114",6,4,3,33,NA,NA,2023-09-20,"16:00","Florent",NA,1,"2023"
13,25,"helophyte","Carex nigra","CN115",7,4.5,3,32,NA,NA,2023-09-20,"16:00","Florent",NA,1,"2023"
13,25,"helophyte","Carex nigra","CN116",8,4,3.5,30,NA,NA,2023-09-20,"16:00","Florent",NA,1,"2023"
13,25,"helophyte","Carex nigra","CN117",9,2,2,20,NA,NA,2023-09-20,"16:00","Florent",NA,1,"2023"
13,26,"helophyte","Carex nigra","CN119",2,5,3,18.5,NA,NA,2023-09-20,"16:00","Florent",NA,1,"2023"
13,26,"helophyte","Carex nigra","CN120",3,3,1.5,19,NA,NA,2023-09-20,"16:00","Florent",NA,1,"2023"
13,26,"helophyte","Carex nigra","CN121",4,2.5,2,16,NA,NA,2023-09-20,"16:00","Florent",NA,1,"2023"
13,26,"helophyte","Carex nigra","CN124",7,2.5,2,21,NA,NA,2023-09-20,"16:00","Florent",NA,1,"2023"
13,26,"helophyte","Carex nigra","CN125",8,3,2,18,NA,NA,2023-09-20,"16:00","Florent",NA,1,"2023"
13,26,"helophyte","Carex nigra","CN126",9,5,2.5,19,NA,NA,2023-09-20,"16:00","Florent",NA,1,"2023"
14,27,"helophyte","Eriophorum angustifolium","EA109",1,4,3,40,NA,NA,2023-09-20,"16:30","Alexis",NA,1,"2023"
14,27,"helophyte","Eriophorum angustifolium","EA110",2,4,2.5,31,NA,NA,2023-09-20,"16:30","Alexis",NA,1,"2023"
14,27,"helophyte","Eriophorum angustifolium","EA112",4,3.5,2.5,26,NA,NA,2023-09-20,"16:30","Alexis",NA,1,"2023"
14,27,"helophyte","Eriophorum angustifolium","EA114",6,3,2,32,NA,NA,2023-09-20,"16:30","Alexis",NA,1,"2023"
14,27,"helophyte","Eriophorum angustifolium","EA116",8,4,3.5,43.5,NA,NA,2023-09-20,"16:30","Alexis",NA,1,"2023"
14,27,"helophyte","Eriophorum angustifolium","EA117",9,4,3.5,30,NA,NA,2023-09-20,"16:30","Alexis",NA,1,"2023"
14,28,"helophyte","Eriophorum angustifolium","EA118",1,3,2,32,NA,NA,2023-09-20,"16:30","Alexis",NA,1,"2023"
14,28,"helophyte","Eriophorum angustifolium","EA123",6,3,2,34,NA,NA,2023-09-20,"16:30","Alexis",NA,1,"2023"
15,29,"helophyte","Carex nigra","CN127",1,4,3.5,25,NA,NA,2023-09-20,"17:00","Alexis",NA,1,"2023"
15,29,"helophyte","Carex nigra","CN130",4,4.5,3.5,22,NA,NA,2023-09-20,"17:00","Alexis",NA,1,"2023"
15,29,"helophyte","Carex nigra","CN132",6,3,2.5,21,NA,NA,2023-09-20,"17:00","Alexis",NA,1,"2023"
15,29,"helophyte","Carex nigra","CN133",7,4.5,2.5,24,NA,NA,2023-09-20,"17:00","Alexis",NA,1,"2023"
15,29,"helophyte","Carex nigra","CN135",9,3.5,4.5,21,NA,NA,2023-09-20,"17:00","Alexis",NA,1,"2023"
15,30,"helophyte","Carex nigra","CN136",1,4,3,19,NA,NA,2023-09-20,"17:00","Alexis",NA,1,"2023"
15,30,"helophyte","Carex nigra","CN138",3,3.5,2,24,NA,NA,2023-09-20,"17:00","Alexis",NA,1,"2023"
15,30,"helophyte","Carex nigra","CN139",4,3.5,2,18,NA,NA,2023-09-20,"17:00","Alexis",NA,1,"2023"
15,30,"helophyte","Carex nigra","CN140",5,3.5,1.5,28,NA,NA,2023-09-20,"17:00","Alexis",NA,1,"2023"
15,30,"helophyte","Carex nigra","CN141",6,4,2,42,NA,NA,2023-09-20,"17:00","Alexis",NA,1,"2023"
15,30,"helophyte","Carex nigra","CN143",8,3,2,23,NA,NA,2023-09-20,"17:00","Alexis",NA,1,"2023"
15,30,"helophyte","Carex nigra","CN144",9,4,2.5,23,NA,NA,2023-09-20,"17:00","Alexis",NA,1,"2023"
16,31,"helophyte","Eriophorum angustifolium","EA128",2,3,2,34,NA,NA,2023-09-21,"9:30","Benjamin",NA,1,"2023"
16,31,"helophyte","Eriophorum angustifolium","EA129",3,2,1.5,31,NA,NA,2023-09-20,"17:30","Benjamin + Alexis",NA,1,"2023"
16,31,"helophyte","Eriophorum angustifolium","EA131",5,4,2.5,30,NA,NA,2023-09-20,"17:30","Benjamin + Alexis",NA,1,"2023"
16,31,"helophyte","Eriophorum angustifolium","EA132",6,2,1,40,NA,NA,2023-09-20,"17:30","Benjamin + Alexis",NA,1,"2023"
16,31,"helophyte","Eriophorum angustifolium","EA133",7,3,2.5,33,NA,NA,2023-09-20,"17:30","Benjamin + Alexis",NA,1,"2023"
16,31,"helophyte","Eriophorum angustifolium","EA134",8,4,3,32,NA,NA,2023-09-20,"17:30","Benjamin + Alexis",NA,1,"2023"
16,31,"helophyte","Eriophorum angustifolium","EA135",9,4,3.5,38,NA,NA,2023-09-20,"17:30","Benjamin + Alexis",NA,1,"2023"
16,32,"helophyte","Eriophorum angustifolium","EA138",3,2.5,2.5,35,NA,NA,2023-09-20,"17:30","Benjamin + Alexis",NA,1,"2023"
16,32,"helophyte","Eriophorum angustifolium","EA139",4,2.5,2,23,NA,NA,2023-09-20,"17:30","Benjamin + Alexis",NA,1,"2023"
16,32,"helophyte","Eriophorum angustifolium","EA140",5,2.5,1.5,43.5,NA,NA,2023-09-20,"17:30","Benjamin + Alexis",NA,1,"2023"
1,1,"helophyte","Carex nigra","CN2",2,4.5,3,11,1,"non",2024-06-27,NA,"BG","",2,"2024"
1,1,"helophyte","Carex nigra","CN6",6,4.5,3.5,10.5,2,"oui",2024-06-27,NA,"BG","",2,"2024"
1,1,"helophyte","Carex nigra","CN9",9,2,2,8,0,"non",2024-06-27,NA,"BG","",2,"2024"
1,2,"helophyte","Carex nigra","CN10",1,4.5,5,9,0,"non",2024-06-27,NA,"BG","espece non identifiee",2,"2024"
1,2,"helophyte","Carex nigra","CN11",2,2,1.5,9,1,"non",2024-06-27,NA,"BG","",2,"2024"
1,2,"helophyte","Carex nigra","CN12",3,3.5,2,9.5,0,"non",2024-06-27,NA,"BG","",2,"2024"
1,2,"helophyte","Carex nigra","CN13",4,4,2.5,11.5,0,"oui",2024-06-27,NA,"BG","",2,"2024"
1,2,"helophyte","Carex nigra","CN14",5,3,2,8.5,0,"oui",2024-06-27,NA,"BG","",2,"2024"
1,2,"helophyte","Carex nigra","CN15",6,3,3,10.5,3,"oui",2024-06-27,NA,"BG","",2,"2024"
1,2,"helophyte","Carex nigra","CN16",7,5,3,12,2,"non",2024-06-27,NA,"BG","",2,"2024"
1,2,"helophyte","Carex nigra","CN17",8,3.5,3,10,0,"non",2024-06-27,NA,"BG","",2,"2024"
1,2,"helophyte","Carex nigra","CN18",9,5,3,8,1,"non",2024-06-27,NA,"BG","",2,"2024"
2,1,"helophyte","Eriophorum angustifolium","EA1",1,3,1.5,20,0,"oui",2024-06-27,NA,"BG","",2,"2024"
2,1,"helophyte","Eriophorum angustifolium","EA2",2,3,2,15,0,"oui",2024-06-27,NA,"BG","",2,"2024"
2,1,"helophyte","Eriophorum angustifolium","EA3",3,2.5,2,19,0,"oui",2024-06-27,NA,"BG","",2,"2024"
2,1,"helophyte","Eriophorum angustifolium","EA4",4,2,1,11.5,0,"non",2024-06-27,NA,"BG","",2,"2024"
2,1,"helophyte","Eriophorum angustifolium","EA5",5,2,1,16,0,"non",2024-06-27,NA,"BG","",2,"2024"
2,1,"helophyte","Eriophorum angustifolium","EA6",6,2,1,18,0,"non",2024-06-27,NA,"BG","",2,"2024"
2,1,"helophyte","Eriophorum angustifolium","EA7",7,1.5,1.5,11.5,0,"oui",2024-06-27,NA,"BG","",2,"2024"
2,1,"helophyte","Eriophorum angustifolium","EA9",9,1.5,1,17,0,"non",2024-06-27,NA,"BG","",2,"2024"
2,2,"helophyte","Eriophorum angustifolium","EA11",2,3,2.5,23.5,0,"oui",2024-06-27,NA,"BG","",2,"2024"
2,2,"helophyte","Eriophorum angustifolium","EA12",3,2,1.5,12,0,"non",2024-06-27,NA,"BG","",2,"2024"
2,2,"helophyte","Eriophorum angustifolium","EA15",6,2.5,2.5,19,0,"oui",2024-06-27,NA,"BG","",2,"2024"
2,2,"helophyte","Eriophorum angustifolium","EA17",8,2.5,2.5,21.5,0,"oui",2024-06-27,NA,"BG","",2,"2024"
2,2,"helophyte","Eriophorum angustifolium","EA18",9,3.5,3,10,1,"non",2024-06-27,NA,"BG","",2,"2024"
3,1,"helophyte","Carex nigra","CN19",1,2,1.5,7,1,"non",2024-06-27,NA,"BG","",2,"2024"
3,1,"helophyte","Carex nigra","CN20",2,2.5,2,9.5,1,"non",2024-06-27,NA,"BG","",2,"2024"
3,1,"helophyte","Carex nigra","CN21",3,2.5,1.5,8,2,"non",2024-06-27,NA,"BG","",2,"2024"
3,1,"helophyte","Carex nigra","CN22",4,5,3.5,7.5,4,"oui",2024-06-27,NA,"BG","1 stolon",2,"2024"
3,1,"helophyte","Carex nigra","CN23",5,2,2,7,1,"non",2024-06-27,NA,"BG","",2,"2024"
3,1,"helophyte","Carex nigra","CN24",6,4,3.5,13,1,"oui",2024-06-27,NA,"BG","",2,"2024"
3,1,"helophyte","Carex nigra","CN25",7,3.5,2,11,1,"non",2024-06-27,NA,"BG","",2,"2024"
3,1,"helophyte","Carex nigra","CN26",8,1.5,1,8.5,2,"non",2024-06-27,NA,"BG","",2,"2024"
3,1,"helophyte","Carex nigra","CN27",9,4,3,7.5,1,"non",2024-06-27,NA,"BG","",2,"2024"
3,2,"helophyte","Carex nigra","CN28",1,3.5,1.5,9,0,"non",2024-06-27,NA,"BG","",2,"2024"
3,2,"helophyte","Carex nigra","CN29",2,3,1,7,1,"non",2024-06-27,NA,"BG","",2,"2024"
3,2,"helophyte","Carex nigra","CN30",3,1.5,1,8,0,"oui",2024-06-27,NA,"BG","1 stolon",2,"2024"
3,2,"helophyte","Carex nigra","CN31",4,2,0.5,7,0,"non",2024-06-27,NA,"BG","",2,"2024"
3,2,"helophyte","Carex nigra","CN33",6,2,1,7,2,"non",2024-06-27,NA,"BG","",2,"2024"
3,2,"helophyte","Carex nigra","CN34",7,3,2,7.5,2,"non",2024-06-27,NA,"BG","",2,"2024"
4,1,"helophyte","Eriophorum angustifolium","EA20",2,1,1,11.5,0,"oui",2024-06-27,NA,"PB","",2,"2024"
4,1,"helophyte","Eriophorum angustifolium","EA21",3,2,1,26,0,"oui",2024-06-27,NA,"PB","",2,"2024"
4,1,"helophyte","Eriophorum angustifolium","EA25",7,2,1,22,0,"oui",2024-06-27,NA,"PB","",2,"2024"
4,1,"helophyte","Eriophorum angustifolium","EA27",9,1.5,1.5,10,0,"oui",2024-06-27,NA,"PB","",2,"2024"
4,2,"helophyte","Eriophorum angustifolium","EA29",2,3,2,15.5,0,"oui",2024-06-27,NA,"PB","",2,"2024"
4,2,"helophyte","Eriophorum angustifolium","EA30",3,0.5,0.5,19,0,"oui",2024-06-27,NA,"PB","",2,"2024"
4,2,"helophyte","Eriophorum angustifolium","EA32",5,2,1,17.5,0,"oui",2024-06-27,NA,"PB","",2,"2024"
4,2,"helophyte","Carex nigra","EA33",6,0,0,0,0,"oui",2024-06-27,NA,"PB","",2,"2024"
4,2,"helophyte","Eriophorum angustifolium","EA35",8,2.5,1.5,27.5,0,"oui",2024-06-27,NA,"PB","",2,"2024"
4,2,"helophyte","Eriophorum angustifolium","EA36",9,0,0,0,0,"oui",2024-06-27,NA,"PB","",2,"2024"
5,1,"helophyte","Carex nigra","CN37",1,2.5,1,8.5,0,"oui",2024-06-27,NA,"PB","",2,"2024"
5,1,"helophyte","Carex nigra","CN38",2,3.5,1,6,1,"non",2024-06-27,NA,"PB","",2,"2024"
5,1,"helophyte","Carex nigra","CN39",3,2,1.5,10,1,"non",2024-06-27,NA,"PB","",2,"2024"
5,1,"helophyte","Carex nigra","CN40",4,3.5,3,9,1,"non",2024-06-27,NA,"PB","",2,"2024"
5,1,"helophyte","Carex nigra","CN41",5,3.5,2,7,1,"non",2024-06-27,NA,"PB","",2,"2024"
5,1,"helophyte","Carex nigra","CN42",6,4,3,9,0,"oui",2024-06-27,NA,"PB","",2,"2024"
5,1,"helophyte","Carex nigra","CN43",7,5,3,8.5,2,"non",2024-06-27,NA,"PB","",2,"2024"
5,1,"helophyte","Carex nigra","CN44",8,0.5,0.5,7,1,"oui",2024-06-27,NA,"PB","",2,"2024"
5,2,"helophyte","Carex nigra","CN46",1,3,2,9.5,0,"non",2024-06-27,NA,"PB","",2,"2024"
5,2,"helophyte","Carex nigra","CN47",2,6,2.5,9,0,"non",2024-06-27,NA,"PB","1 stolon",2,"2024"
5,2,"helophyte","Carex nigra","CN48",3,3.5,2,7,1,"non",2024-06-27,NA,"PB","",2,"2024"
5,2,"helophyte","Carex nigra","CN49",4,2,1,7.5,2,"non",2024-06-27,NA,"PB","",2,"2024"
5,2,"helophyte","Carex nigra","CN51",6,4,2,9.5,1,"non",2024-06-27,NA,"PB","",2,"2024"
5,2,"helophyte","Carex nigra","CN52",7,1.5,1,8,2,"non",2024-06-27,NA,"PB","",2,"2024"
5,2,"helophyte","Carex nigra","CN53",8,2,2,9.5,0,"non",2024-06-27,NA,"PB","",2,"2024"
5,2,"helophyte","Carex nigra","CN54",9,0.5,0.5,5.5,1,"non",2024-06-27,NA,"PB","",2,"2024"
6,1,"helophyte","Eriophorum angustifolium","EA38",2,4,2,8,0,"non",2024-06-27,NA,"PB","",2,"2024"
6,1,"helophyte","Eriophorum angustifolium","EA40",4,3,2,19,0,"non",2024-06-27,NA,"PB","",2,"2024"
6,1,"helophyte","Eriophorum angustifolium","EA43",7,3,1,26.5,0,"oui",2024-06-27,NA,"PB","",2,"2024"
6,1,"helophyte","Eriophorum angustifolium","EA44",8,3.5,2,10.5,0,"non",2024-06-27,NA,"PB","",2,"2024"
6,1,"helophyte","Eriophorum angustifolium","EA45",9,2,1.5,15.5,0,"oui",2024-06-27,NA,"PB","",2,"2024"
6,2,"helophyte","Eriophorum angustifolium","EA46",1,2,1,15.5,0,"oui",2024-06-27,NA,"PB","",2,"2024"
6,2,"helophyte","Eriophorum angustifolium","EA47",2,3,1.5,14,0,"oui",2024-06-27,NA,"PB","",2,"2024"
6,2,"helophyte","Eriophorum angustifolium","EA48",3,1,1,10,0,"oui",2024-06-27,NA,"PB","",2,"2024"
6,2,"helophyte","Eriophorum angustifolium","EA50",5,2,1,16,0,"oui",2024-06-27,NA,"PB","",2,"2024"
6,2,"helophyte","Eriophorum angustifolium","EA51",6,3,2,15.5,0,"non",2024-06-27,NA,"PB","",2,"2024"
6,2,"helophyte","Eriophorum angustifolium","EA53",8,0,0,0,0,"non",2024-06-27,NA,"PB","",2,"2024"
6,2,"helophyte","Eriophorum angustifolium","EA54",9,1.5,1.5,14.5,0,"oui",2024-06-27,NA,"PB","",2,"2024"
7,1,"helophyte","Carex nigra","CN55",1,3,3.5,6,1,"oui",2024-06-27,NA,"BG","",2,"2024"
7,1,"helophyte","Carex nigra","CN56",2,0.5,0.5,1,3,"non",2024-06-27,NA,"BG","1 stolon",2,"2024"
7,1,"helophyte","Carex nigra","CN57",3,2,2,6.5,1,"non",2024-06-27,NA,"BG","",2,"2024"
7,1,"helophyte","Carex nigra","CN58",4,2,1.5,6.5,0,"non",2024-06-27,NA,"BG","",2,"2024"
7,1,"helophyte","Carex nigra","CN59",5,2,3,7,1,"non",2024-06-27,NA,"BG","",2,"2024"
7,1,"helophyte","Carex nigra","CN60",6,2,2,7.5,4,"oui",2024-06-27,NA,"BG","",2,"2024"
7,1,"helophyte","Carex nigra","CN61",7,3.5,2,8,2,"non",2024-06-27,NA,"BG","",2,"2024"
7,1,"helophyte","Carex nigra","CN62",8,3,2.5,8.5,4,"non",2024-06-27,NA,"BG","",2,"2024"
7,1,"helophyte","Carex nigra","CN63",9,3,2.5,6.5,0,"non",2024-06-27,NA,"BG","",2,"2024"
7,2,"helophyte","Carex nigra","CN64",1,3,2,8.5,0,"non",2024-06-27,NA,"BG","",2,"2024"
7,2,"helophyte","Carex nigra","CN65",2,2,1,7.5,2,"non",2024-06-27,NA,"BG","",2,"2024"
7,2,"helophyte","Carex nigra","CN66",3,2,1.5,7,2,"non",2024-06-27,NA,"BG","2 stolons",2,"2024"
7,2,"helophyte","Carex nigra","CN67",4,3.5,2.5,10,0,"non",2024-06-27,NA,"BG","",2,"2024"
7,2,"helophyte","Carex nigra","CN68",5,3,2.5,11,1,"oui",2024-06-27,NA,"BG","",2,"2024"
7,2,"helophyte","Carex nigra","CN69",6,5,4,8,1,"oui",2024-06-27,NA,"BG","",2,"2024"
7,2,"helophyte","Carex nigra","CN70",7,4,3.5,9,0,"non",2024-06-27,NA,"BG","",2,"2024"
7,2,"helophyte","Carex nigra","CN71",8,2,2.5,10,0,"non",2024-06-27,NA,"BG","",2,"2024"
8,1,"helophyte","Eriophorum angustifolium","EA55",1,2,2,18.5,0,"oui",2024-06-27,NA,"BG","",2,"2024"
8,1,"helophyte","Eriophorum angustifolium","EA56",2,1.5,1,0,0,"oui",2024-06-27,NA,"BG","",2,"2024"
8,1,"helophyte","Eriophorum angustifolium","EA57",3,2.5,1.5,17,0,"oui",2024-06-27,NA,"BG","",2,"2024"
8,1,"helophyte","Eriophorum angustifolium","EA60",6,2,0.5,25,0,"oui",2024-06-27,NA,"BG","",2,"2024"
8,1,"helophyte","Eriophorum angustifolium","EA61",7,3,2.5,19,1,"oui",2024-06-27,NA,"BG","",2,"2024"
8,1,"helophyte","Eriophorum angustifolium","EA62",8,3,1.5,29.5,0,"oui",2024-06-27,NA,"BG","",2,"2024"
8,1,"helophyte","Eriophorum angustifolium","EA63",9,2.5,2,30,0,"oui",2024-06-27,NA,"BG","",2,"2024"
8,2,"helophyte","Eriophorum angustifolium","EA64",1,3.5,2.5,26.5,0,"oui",2024-06-27,NA,"BG","",2,"2024"
8,2,"helophyte","Eriophorum angustifolium","EA65",2,2.5,2.5,16.5,0,"oui",2024-06-27,NA,"BG","",2,"2024"
8,2,"helophyte","Eriophorum angustifolium","EA66",3,2,1.5,20,0,"oui",2024-06-27,NA,"BG","",2,"2024"
8,2,"helophyte","Eriophorum angustifolium","EA67",4,2.5,2,18,0,"non",2024-06-27,NA,"BG","",2,"2024"
8,2,"helophyte","Eriophorum angustifolium","EA68",5,3.5,2.5,19,0,"non",2024-06-27,NA,"BG","",2,"2024"
8,2,"helophyte","Eriophorum angustifolium","EA69",6,1,1,14,0,"non",2024-06-27,NA,"BG","",2,"2024"
8,2,"helophyte","Eriophorum angustifolium","EA70",7,3.5,2.5,21.5,0,"oui",2024-06-27,NA,"BG","",2,"2024"
8,2,"helophyte","Eriophorum angustifolium","EA71",8,1,1.5,19,0,"non",2024-06-27,NA,"BG","",2,"2024"
8,2,"helophyte","Eriophorum angustifolium","EA72",9,1,1.5,25,0,"oui",2024-06-27,NA,"BG","",2,"2024"
9,1,"helophyte","Carex nigra","CN73",1,2,1.5,10.5,2,"non",2024-06-27,NA,"PB","",2,"2024"
9,1,"helophyte","Carex nigra","CN74",2,0.5,0.5,3.5,1,"non",2024-06-27,NA,"PB","",2,"2024"
9,1,"helophyte","Carex nigra","CN75",3,3,1.5,8.5,1,"non",2024-06-27,NA,"PB","",2,"2024"
9,1,"helophyte","Carex nigra","CN76",4,2.5,1.5,5,1,"non",2024-06-27,NA,"PB","",2,"2024"
9,1,"helophyte","Carex nigra","CN77",5,2.5,2,9.5,2,"oui",2024-06-27,NA,"PB","",2,"2024"
9,1,"helophyte","Carex nigra","CN78",6,3,2,13,0,"non",2024-06-27,NA,"PB","",2,"2024"
9,1,"helophyte","Carex nigra","CN81",9,1.5,1,9,1,"oui",2024-06-27,NA,"PB","",2,"2024"
9,2,"helophyte","Carex nigra","CN82",1,4,1.5,8,0,"non",2024-06-27,NA,"PB","",2,"2024"
9,2,"helophyte","Carex nigra","CN83",2,0.5,0.5,2,0,"non",2024-06-27,NA,"PB","1 stolon",2,"2024"
9,2,"helophyte","Carex nigra","CN84",3,3,2.5,11.5,0,"oui",2024-06-27,NA,"PB","",2,"2024"
9,2,"helophyte","Carex nigra","CN86",5,3,1.5,10,3,"non",2024-06-27,NA,"PB","",2,"2024"
9,2,"helophyte","Carex nigra","CN87",6,3,1.5,10,3,"non",2024-06-27,NA,"PB","",2,"2024"
9,2,"helophyte","Carex nigra","CN88",7,2,1,9.5,1,"non",2024-06-27,NA,"PB","prele",2,"2024"
9,2,"helophyte","Carex nigra","CN89",8,2.5,1,8,5,"non",2024-06-27,NA,"PB","",2,"2024"
9,2,"helophyte","Carex nigra","CN90",9,2,1,7,0,"non",2024-06-27,NA,"PB","",2,"2024"
10,1,"helophyte","Eriophorum angustifolium","EA73",1,2.5,1.5,19,0,"non",2024-06-27,NA,"PB","",2,"2024"
10,1,"helophyte","Eriophorum angustifolium","EA74",2,2,1,21,0,"non",2024-06-27,NA,"PB","",2,"2024"
10,1,"helophyte","Eriophorum angustifolium","EA75",3,2,2,23,0,"non",2024-06-27,NA,"PB","",2,"2024"
10,1,"helophyte","Eriophorum angustifolium","EA76",4,3,2.5,24.5,0,"oui",2024-06-27,NA,"PB","",2,"2024"
10,1,"helophyte","Eriophorum angustifolium","EA77",5,3,2,27,0,"oui",2024-06-27,NA,"PB","",2,"2024"
10,1,"helophyte","Eriophorum angustifolium","EA78",6,2,1,14,0,"non",2024-06-27,NA,"PB","",2,"2024"
10,1,"helophyte","Eriophorum angustifolium","EA79",7,2,1,22,0,"oui",2024-06-27,NA,"PB","",2,"2024"
10,1,"helophyte","Eriophorum angustifolium","EA80",8,1.5,1,25.5,0,"oui",2024-06-27,NA,"PB","",2,"2024"
10,1,"helophyte","Eriophorum angustifolium","EA81",9,2,1,15.5,0,"non",2024-06-27,NA,"PB","",2,"2024"
10,2,"helophyte","Eriophorum angustifolium","EA82",1,2,1,20,0,"non",2024-06-27,NA,"PB","",2,"2024"
10,2,"helophyte","Eriophorum angustifolium","EA83",2,3,1.5,24.5,0,"non",2024-06-27,NA,"PB","",2,"2024"
10,2,"helophyte","Eriophorum angustifolium","EA84",3,3,1.5,21.5,0,"non",2024-06-27,NA,"PB","",2,"2024"
10,2,"helophyte","Eriophorum angustifolium","EA85",4,3.5,2,30.5,0,"oui",2024-06-27,NA,"PB","",2,"2024"
10,2,"helophyte","Eriophorum angustifolium","EA87",6,3,1.5,32.5,0,"oui",2024-06-27,NA,"PB","",2,"2024"
10,2,"helophyte","Eriophorum angustifolium","EA88",7,2,1.5,28.5,0,"oui",2024-06-27,NA,"PB","",2,"2024"
10,2,"helophyte","Eriophorum angustifolium","EA89",8,0.5,0.5,29,0,"non",2024-06-27,NA,"PB","",2,"2024"
11,1,"helophyte","Carex nigra","CN91",1,3,3,7.5,2,"oui",2024-06-27,NA,"BG","",2,"2024"
11,1,"helophyte","Carex nigra","CN92",2,2,2,12,1,"non",2024-06-27,NA,"BG","",2,"2024"
11,1,"helophyte","Carex nigra","CN95",5,2,1.5,5,5,"non",2024-06-27,NA,"BG","",2,"2024"
11,1,"helophyte","Carex nigra","CN96",6,3,2,8.5,0,"non",2024-06-27,NA,"BG","",2,"2024"
11,1,"helophyte","Carex nigra","CN97",7,2,1.5,12,1,"non",2024-06-27,NA,"BG","",2,"2024"
11,1,"helophyte","Carex nigra","CN98",8,2,1,10,1,"non",2024-06-27,NA,"BG","",2,"2024"
11,1,"helophyte","Carex nigra","CN99",9,3.5,2.5,11,2,"oui",2024-06-27,NA,"BG","",2,"2024"
11,2,"helophyte","Carex nigra","CN100",1,2,2.5,11,0,"non",2024-06-27,NA,"BG","",2,"2024"
11,2,"helophyte","Carex nigra","CN102",3,2,1,7,1,"non",2024-06-27,NA,"BG","",2,"2024"
11,2,"helophyte","Carex nigra","CN103",4,2.5,2,10,0,"non",2024-06-27,NA,"BG","",2,"2024"
11,2,"helophyte","Carex nigra","CN104",5,3.5,2,10,0,"non",2024-06-27,NA,"BG","",2,"2024"
11,2,"helophyte","Carex nigra","CN105",6,2,1.5,8,0,"non",2024-06-27,NA,"BG","",2,"2024"
11,2,"helophyte","Carex nigra","CN106",7,2,2,9,0,"non",2024-06-27,NA,"BG","",2,"2024"
11,2,"helophyte","Carex nigra","CN107",8,2,1,8.5,1,"non",2024-06-27,NA,"BG","",2,"2024"
11,2,"helophyte","Carex nigra","CN108",9,1.5,1,4.5,1,"non",2024-06-27,NA,"BG","",2,"2024"
12,1,"helophyte","Eriophorum angustifolium","EA92",2,2.5,1.5,15,0,"non",2024-06-27,NA,"BG","",2,"2024"
12,1,"helophyte","Eriophorum angustifolium","EA93",3,3,1.5,16.5,0,"non",2024-06-27,NA,"BG","",2,"2024"
12,1,"helophyte","Eriophorum angustifolium","EA95",5,3,1,20.5,0,"oui",2024-06-27,NA,"BG","",2,"2024"
12,1,"helophyte","Carex nigra","EA96",6,2.5,2,18,0,"oui",2024-06-27,NA,"BG","",2,"2024"
12,1,"helophyte","Eriophorum angustifolium","EA97",7,1.5,1.5,11,0,"oui",2024-06-27,NA,"BG","",2,"2024"
12,1,"helophyte","Eriophorum angustifolium","EA99",9,4,1.5,22.5,0,"oui",2024-06-27,NA,"BG","",2,"2024"
12,2,"helophyte","Eriophorum angustifolium","EA101",2,1,1,14,0,"non",2024-06-27,NA,"BG","",2,"2024"
12,2,"helophyte","Eriophorum angustifolium","EA102",3,0.5,1,15,0,"oui",2024-06-27,NA,"BG","",2,"2024"
12,2,"helophyte","Eriophorum angustifolium","EA106",7,2.5,2,17.5,0,"oui",2024-06-27,NA,"BG","",2,"2024"
12,2,"helophyte","Eriophorum angustifolium","EA108",9,2,1.5,15,0,"oui",2024-06-27,NA,"BG","",2,"2024"
13,1,"helophyte","Carex nigra","CN109",1,6,4,9,0,"non",2024-06-27,NA,"BG","",2,"2024"
13,1,"helophyte","Carex nigra","CN110",2,4,4,10,0,"non",2024-06-27,NA,"BG","",2,"2024"
13,1,"helophyte","Carex nigra","CN111",3,3.5,2,9.5,0,"oui",2024-06-27,NA,"BG","",2,"2024"
13,1,"helophyte","Carex nigra","CN112",4,2.5,1.5,8.5,1,"oui",2024-06-27,NA,"BG","",2,"2024"
13,1,"helophyte","Carex nigra","CN113",5,3,3,11,0,"non",2024-06-27,NA,"BG","",2,"2024"
13,1,"helophyte","Carex nigra","CN114",6,2.5,2,13,2,"non",2024-06-27,NA,"BG","",2,"2024"
13,1,"helophyte","Carex nigra","CN115",7,3.5,2,8,1,"non",2024-06-27,NA,"BG","",2,"2024"
13,1,"helophyte","Carex nigra","CN116",8,4,2,8.5,1,"oui",2024-06-27,NA,"BG","",2,"2024"
13,1,"helophyte","Carex nigra","CN117",9,1.5,1,6.5,0,"non",2024-06-27,NA,"BG","",2,"2024"
13,2,"helophyte","Carex nigra","CN119",2,4,3,8,0,"non",2024-06-27,NA,"BG","",2,"2024"
13,2,"helophyte","Carex nigra","CN120",3,2,1,11,1,"non",2024-06-27,NA,"BG","",2,"2024"
13,2,"helophyte","Carex nigra","CN121",4,3.5,2.5,7,1,"non",2024-06-27,NA,"BG","",2,"2024"
13,2,"helophyte","Carex nigra","CN124",7,2,1,7.5,1,"non",2024-06-27,NA,"BG","",2,"2024"
13,2,"helophyte","Carex nigra","CN125",8,2,2,9.5,0,"non",2024-06-27,NA,"BG","",2,"2024"
13,2,"helophyte","Carex nigra","CN126",9,3,2.5,9,0,"oui",2024-06-27,NA,"BG","",2,"2024"
14,1,"helophyte","Eriophorum angustifolium","EA109",1,3,1,17.5,0,"oui",2024-06-27,NA,"PB","",2,"2024"
14,1,"helophyte","Eriophorum angustifolium","EA110",2,2,1,18,0,"non",2024-06-27,NA,"PB","",2,"2024"
14,1,"helophyte","Eriophorum angustifolium","EA112",4,4,1.5,22,0,"non",2024-06-27,NA,"PB","",2,"2024"
14,1,"helophyte","Eriophorum angustifolium","EA114",6,3,2,26,0,"oui",2024-06-27,NA,"PB","",2,"2024"
14,1,"helophyte","Eriophorum angustifolium","EA116",8,3,2,34,0,"oui",2024-06-27,NA,"PB","",2,"2024"
14,1,"helophyte","Eriophorum angustifolium","EA117",9,0,0,0,0,"oui",2024-06-27,NA,"PB","",2,"2024"
14,2,"helophyte","Eriophorum angustifolium","EA118",1,2,2,25,0,"oui",2024-06-27,NA,"PB","",2,"2024"
14,2,"helophyte","Eriophorum angustifolium","EA123",6,0.5,0.5,15,0,"non",2024-06-27,NA,"PB","",2,"2024"
15,1,"helophyte","Carex nigra","CN127",1,4,2,9,2,"non",2024-06-27,NA,"PB","",2,"2024"
15,1,"helophyte","Carex nigra","CN130",4,3,2,8.5,1,"non",2024-06-27,NA,"PB","1 stolon",2,"2024"
15,1,"helophyte","Carex nigra","CN132",6,2.5,1.5,7,0,"non",2024-06-27,NA,"PB","",2,"2024"
15,1,"helophyte","Carex nigra","CN133",7,3.5,1.5,8,4,"non",2024-06-27,NA,"PB","",2,"2024"
15,1,"helophyte","Carex nigra","CN135",9,3.5,2,10.5,2,"non",2024-06-27,NA,"PB","",2,"2024"
15,2,"helophyte","Carex nigra","CN136",1,3.5,1.5,8.5,1,"non",2024-06-27,NA,"PB","",2,"2024"
15,2,"helophyte","Carex nigra","CN138",3,2.5,1.5,10.5,1,"non",2024-06-27,NA,"PB","",2,"2024"
15,2,"helophyte","Carex nigra","CN139",4,3,2,7.5,2,"non",2024-06-27,NA,"PB","",2,"2024"
15,2,"helophyte","Carex nigra","CN140",5,2.5,1,9.5,0,"non",2024-06-27,NA,"PB","",2,"2024"
15,2,"helophyte","Carex nigra","CN141",6,2,2,8.5,3,"non",2024-06-27,NA,"PB","",2,"2024"
15,2,"helophyte","Carex nigra","CN143",8,0.5,0.5,5.5,1,"non",2024-06-27,NA,"PB","",2,"2024"
15,2,"helophyte","Carex nigra","CN144",9,4,2,8,1,"non",2024-06-27,NA,"PB","",2,"2024"
16,1,"helophyte","Eriophorum angustifolium","EA128",2,0.5,0.5,22.5,0,"non",2024-06-27,NA,"PB","",2,"2024"
16,1,"helophyte","Eriophorum angustifolium","EA129",3,0.5,0.5,19.5,0,"non",2024-06-27,NA,"PB","",2,"2024"
16,1,"helophyte","Eriophorum angustifolium","EA131",5,3,2,14,0,"non",2024-06-27,NA,"PB","",2,"2024"
16,1,"helophyte","Eriophorum angustifolium","EA132",6,0.5,0.5,18.5,0,"non",2024-06-27,NA,"PB","",2,"2024"
16,1,"helophyte","Eriophorum angustifolium","EA133",7,1.5,1.5,19,0,"oui",2024-06-27,NA,"PB","",2,"2024"
16,1,"helophyte","Eriophorum angustifolium","EA134",8,3,1,26,0,"oui",2024-06-27,NA,"PB","",2,"2024"
16,1,"helophyte","Eriophorum angustifolium","EA135",9,2.5,1.5,20,0,"oui",2024-06-27,NA,"PB","",2,"2024"
16,2,"helophyte","Eriophorum angustifolium","EA138",3,0,0,0,0,"oui",2024-06-27,NA,"PB","",2,"2024"
16,2,"helophyte","Eriophorum angustifolium","EA139",4,3,1.5,18,0,"non",2024-06-27,NA,"PB","",2,"2024"
16,2,"helophyte","Eriophorum angustifolium","EA140",5,0.5,0.5,37,0,"oui",2024-06-27,NA,"PB","",2,"2024"
1,1,NA,"Carex nigra","CN2",2,4,4,18,0,"non",2024-09-04,NA,"Benjamin","",3,"2024"
1,1,NA,"Carex nigra","CN6",6,5.5,4,16.5,0,"oui",2024-09-04,NA,"Benjamin","",3,"2024"
1,1,NA,"Carex nigra","CN9",9,3.5,2.5,17.5,0,"non",2024-09-04,NA,"Benjamin","",3,"2024"
1,2,NA,"Carex nigra","CN10",1,6.5,3.5,17,0,"non",2024-09-04,NA,"Benjamin","",3,"2024"
1,2,NA,"Carex nigra","CN11",2,4,1.5,14,2,"non",2024-09-04,NA,"Benjamin","",3,"2024"
1,2,NA,"Carex nigra","CN12",3,4,2.5,19.5,0,"non",2024-09-04,NA,"Benjamin","",3,"2024"
1,2,NA,"Carex nigra","CN13",4,5,3.5,13.5,2,"oui",2024-09-04,NA,"Benjamin","",3,"2024"
1,2,NA,"Carex nigra","CN14",5,3.5,3,14,3,"oui",2024-09-04,NA,"Benjamin","",3,"2024"
1,2,NA,"Carex nigra","CN15",6,4,3.5,15.5,2,"non",2024-09-04,NA,"Benjamin","",3,"2024"
1,2,NA,"Carex nigra","CN16",7,4,3,17.5,4,"non",2024-09-04,NA,"Benjamin","",3,"2024"
1,2,NA,"Carex nigra","CN17",8,3,3,19,1,"non",2024-09-04,NA,"Benjamin","",3,"2024"
1,2,NA,"Carex nigra","CN18",9,4.5,2,21,1,"non",2024-09-04,NA,"Benjamin","",3,"2024"
2,1,NA,"Eriophorum angustifolium","EA1",1,4,2.5,22.5,6,"oui",2024-09-04,NA,"Benjamin","",3,"2024"
2,1,NA,"Eriophorum angustifolium","EA2",2,3,3,23,4,"oui",2024-09-04,NA,"Benjamin","",3,"2024"
2,1,NA,"Eriophorum angustifolium","EA3",3,2.5,4,23.5,2,"non",2024-09-04,NA,"Benjamin","",3,"2024"
2,1,NA,"Eriophorum angustifolium","EA4",4,4,2,16.5,3,"non",2024-09-04,NA,"Benjamin","",3,"2024"
2,1,NA,"Eriophorum angustifolium","EA5",5,2.5,1.5,16,1,"non",2024-09-04,NA,"Benjamin","",3,"2024"
2,1,NA,"Eriophorum angustifolium","EA6",6,3,2,20,2,"non",2024-09-04,NA,"Benjamin","",3,"2024"
2,1,NA,"Eriophorum angustifolium","EA7",7,2,2,19,2,"oui",2024-09-04,NA,"Benjamin","",3,"2024"
2,1,NA,"Eriophorum angustifolium","EA9",9,2,1.5,23.5,1,"non",2024-09-04,NA,"Benjamin","",3,"2024"
2,2,NA,"Eriophorum angustifolium","EA11",2,3,2.5,20,3,"oui",2024-09-04,NA,"Benjamin","",3,"2024"
2,2,NA,"Eriophorum angustifolium","EA12",3,2.5,1.5,22,4,"non",2024-09-04,NA,"Benjamin","",3,"2024"
2,2,NA,"Eriophorum angustifolium","EA15",6,3,3,22,1,"oui",2024-09-04,NA,"Benjamin","",3,"2024"
2,2,NA,"Eriophorum angustifolium","EA17",8,0.5,0.5,11,2,"oui",2024-09-04,NA,"Benjamin","",3,"2024"
2,2,NA,"Eriophorum angustifolium","EA18",9,3.5,3,24,1,"non",2024-09-04,NA,"Benjamin","",3,"2024"
3,1,NA,"Carex nigra","CN19",1,4,1,15.5,0,"non",2024-09-04,NA,"Benjamin","",3,"2024"
3,1,NA,"Carex nigra","CN20",2,2,1.5,14,3,"non",2024-09-04,NA,"Benjamin","",3,"2024"
3,1,NA,"Carex nigra","CN21",3,3,2.5,16.5,3,"oui",2024-09-04,NA,"Benjamin","",3,"2024"
3,1,NA,"Carex nigra","CN22",4,5,3.5,14.5,5,"oui",2024-09-04,NA,"Benjamin","",3,"2024"
3,1,NA,"Carex nigra","CN23",5,2,1,17,2,"non",2024-09-04,NA,"Benjamin","",3,"2024"
3,1,NA,"Carex nigra","CN24",6,5,3.5,23,4,"oui",2024-09-04,NA,"Benjamin","",3,"2024"
3,1,NA,"Carex nigra","CN25",7,3.5,3.5,17,1,"non",2024-09-04,NA,"Benjamin","",3,"2024"
3,1,NA,"Carex nigra","CN26",8,1.5,1,14,3,"non",2024-09-04,NA,"Benjamin","",3,"2024"
3,1,NA,"Carex nigra","CN27",9,4,4.5,13,2,"non",2024-09-04,NA,"Benjamin","",3,"2024"
3,2,NA,"Carex nigra","CN28",1,4.5,3,15,1,"non",2024-09-04,NA,"Benjamin","",3,"2024"
3,2,NA,"Carex nigra","CN29",2,3,1,18,2,"non",2024-09-04,NA,"Benjamin","",3,"2024"
3,2,NA,"Carex nigra","CN30",3,2.5,2,15,3,"oui",2024-09-04,NA,"Benjamin","stolons",3,"2024"
3,2,NA,"Carex nigra","CN31",4,2.5,1,22,0,"non",2024-09-04,NA,"Benjamin","",3,"2024"
3,2,NA,"Carex nigra","CN33",6,4,1.5,19,1,"oui",2024-09-04,NA,"Benjamin","",3,"2024"
3,2,NA,"Carex nigra","CN34",7,3,2.5,19,2,"non",2024-09-04,NA,"Benjamin","",3,"2024"
4,1,NA,"Eriophorum angustifolium","EA20",2,2.5,2,18,0,"oui",2024-09-04,NA,"Benjamin","",3,"2024"
4,1,NA,"Eriophorum angustifolium","EA21",3,3,2,23.5,2,"non",2024-09-04,NA,"Benjamin","",3,"2024"
4,1,NA,"Eriophorum angustifolium","EA25",7,4,3,26,5,"oui",2024-09-04,NA,"Benjamin","",3,"2024"
4,1,NA,"Eriophorum angustifolium","EA27",9,2.5,2,20,0,"oui",2024-09-04,NA,"Benjamin","",3,"2024"
4,2,NA,"Eriophorum angustifolium","EA29",2,4,4,22,3,"oui",2024-09-04,NA,"Benjamin","",3,"2024"
4,2,NA,"Eriophorum angustifolium","EA30",3,2,2,17,2,"oui",2024-09-04,NA,"Benjamin","",3,"2024"
4,2,NA,"Eriophorum angustifolium","EA32",5,2.5,3,26.5,2,"oui",2024-09-04,NA,"Benjamin","",3,"2024"
4,2,NA,"Carex nigra","EA33",6,0.5,0.5,13,1,"non",2024-09-04,NA,"Benjamin","",3,"2024"
4,2,NA,"Eriophorum angustifolium","EA35",8,2.5,2.5,20,0,"oui",2024-09-04,NA,"Benjamin","réhaussée",3,"2024"
4,2,NA,"Eriophorum angustifolium","EA36",9,2,1,14,0,"oui",2024-09-04,NA,"Benjamin","réhaussée",3,"2024"
5,1,NA,"Carex nigra","CN37",1,3,1.5,16,1,"oui",2024-09-04,NA,"Benjamin","",3,"2024"
5,1,NA,"Carex nigra","CN38",2,3,2.5,14.5,1,"non",2024-09-04,NA,"Benjamin","",3,"2024"
5,1,NA,"Carex nigra","CN39",3,5,3.5,15,0,"non",2024-09-04,NA,"Benjamin","",3,"2024"
5,1,NA,"Carex nigra","CN40",4,4.5,3.5,11,1,"non",2024-09-04,NA,"Benjamin","",3,"2024"
5,1,NA,"Carex nigra","CN41",5,4,3,15.5,2,"oui",2024-09-04,NA,"Benjamin","",3,"2024"
5,1,NA,"Carex nigra","CN42",6,4,3.5,15,0,"oui",2024-09-04,NA,"Benjamin","",3,"2024"
5,1,NA,"Carex nigra","CN43",7,5.5,4,13.5,2,"non",2024-09-04,NA,"Benjamin","",3,"2024"
5,1,NA,"Carex nigra","CN44",8,2.5,1,16,0,"non",2024-09-04,NA,"Benjamin","",3,"2024"
5,2,NA,"Carex nigra","CN46",1,4.5,2,14,1,"non",2024-09-04,NA,"Benjamin","",3,"2024"
5,2,NA,"Carex nigra","CN47",2,6.5,4,17,2,"non",2024-09-04,NA,"Benjamin","stolons",3,"2024"
5,2,NA,"Carex nigra","CN48",3,4,2.5,16,2,"non",2024-09-04,NA,"Benjamin","",3,"2024"
5,2,NA,"Carex nigra","CN49",4,2.5,2,12.5,0,"non",2024-09-04,NA,"Benjamin","",3,"2024"
5,2,NA,"Carex nigra","CN51",6,3.5,3,19.5,1,"non",2024-09-04,NA,"Benjamin","",3,"2024"
5,2,NA,"Carex nigra","CN52",7,1,1,17,2,"non",2024-09-04,NA,"Benjamin","",3,"2024"
5,2,NA,"Carex nigra","CN53",8,5.5,3.5,21,1,"non",2024-09-04,NA,"Benjamin","",3,"2024"
5,2,NA,"Carex nigra","CN54",9,2.5,1.5,10,1,"non",2024-09-04,NA,"Benjamin","",3,"2024"
6,1,NA,"Eriophorum angustifolium","EA38",2,5.5,2,24,1,"non",2024-09-04,NA,"Benjamin","",3,"2024"
6,1,NA,"Eriophorum angustifolium","EA40",4,4,2,26.5,5,"oui",2024-09-04,NA,"Benjamin","",3,"2024"
6,1,NA,"Eriophorum angustifolium","EA43",7,4,3,29,2,"oui",2024-09-04,NA,"Benjamin","",3,"2024"
6,1,NA,"Eriophorum angustifolium","EA44",8,1.5,1.5,22.5,0,"non",2024-09-04,NA,"Benjamin","",3,"2024"
6,1,NA,"Eriophorum angustifolium","EA45",9,1,1,27,4,"non",2024-09-04,NA,"Benjamin","",3,"2024"
6,2,NA,"Eriophorum angustifolium","EA46",1,1.5,2,21.5,2,"oui",2024-09-04,NA,"Benjamin","",3,"2024"
6,2,NA,"Eriophorum angustifolium","EA47",2,4.5,2.5,25,2,"oui",2024-09-04,NA,"Benjamin","",3,"2024"
6,2,NA,"Eriophorum angustifolium","EA48",3,1.5,1,21.5,0,"non",2024-09-04,NA,"Benjamin","",3,"2024"
6,2,NA,"Eriophorum angustifolium","EA50",5,2.5,3,28.5,4,"oui",2024-09-04,NA,"Benjamin","",3,"2024"
6,2,NA,"Eriophorum angustifolium","EA51",6,4,2.5,30.5,4,"non",2024-09-04,NA,"Benjamin","",3,"2024"
6,2,NA,"Eriophorum angustifolium","EA53",8,2.5,2,24.5,0,"non",2024-09-04,NA,"Benjamin","",3,"2024"
6,2,NA,"Eriophorum angustifolium","EA54",9,2.5,2,23,2,"non",2024-09-04,NA,"Benjamin","",3,"2024"
7,1,NA,"Carex nigra","CN55",1,3.5,3.5,17,3,"non",2024-09-04,NA,"Benjamin","",3,"2024"
7,1,NA,"Carex nigra","CN56",2,2,1,17,2,"non",2024-09-04,NA,"Benjamin","stolons",3,"2024"
7,1,NA,"Carex nigra","CN57",3,2,2.5,14,3,"oui",2024-09-04,NA,"Benjamin","",3,"2024"
7,1,NA,"Carex nigra","CN58",4,2,2,14,0,"non",2024-09-04,NA,"Benjamin","",3,"2024"
7,1,NA,"Carex nigra","CN59",5,3.5,2.5,18.5,1,"non",2024-09-04,NA,"Benjamin","",3,"2024"
7,1,NA,"Carex nigra","CN60",6,2,2,16.5,3,"oui",2024-09-04,NA,"Benjamin","",3,"2024"
7,1,NA,"Carex nigra","CN61",7,5,3.5,18,2,"non",2024-09-04,NA,"Benjamin","",3,"2024"
7,1,NA,"Carex nigra","CN62",8,5,3.5,17,3,"non",2024-09-04,NA,"Benjamin","",3,"2024"
7,1,NA,"Carex nigra","CN63",9,3.5,2.5,11.5,2,"non",2024-09-04,NA,"Benjamin","",3,"2024"
7,2,NA,"Carex nigra","CN64",1,4.5,4,22,0,"non",2024-09-04,NA,"Benjamin","",3,"2024"
7,2,NA,"Carex nigra","CN65",2,1.5,1.5,12,3,"non",2024-09-04,NA,"Benjamin","",3,"2024"
7,2,NA,"Carex nigra","CN66",3,3,2,15,2,"non",2024-09-04,NA,"Benjamin","",3,"2024"
7,2,NA,"Carex nigra","CN67",4,4,2.5,17,1,"non",2024-09-04,NA,"Benjamin","",3,"2024"
7,2,NA,"Carex nigra","CN68",5,4.5,3.5,14.5,2,"oui",2024-09-04,NA,"Benjamin","",3,"2024"
7,2,NA,"Carex nigra","CN69",6,5,5,17,0,"oui",2024-09-04,NA,"Benjamin","",3,"2024"
7,2,NA,"Carex nigra","CN70",7,5,4,20,0,"non",2024-09-04,NA,"Benjamin","",3,"2024"
7,2,NA,"Carex nigra","CN71",8,3,2,18,2,"non",2024-09-04,NA,"Benjamin","",3,"2024"
8,1,NA,"Eriophorum angustifolium","EA55",1,2.5,2,21.5,2,"non",2024-09-04,NA,"Benjamin","",3,"2024"
8,1,NA,"Eriophorum angustifolium","EA56",2,0.5,0.5,12,2,"oui",2024-09-04,NA,"Benjamin","",3,"2024"
8,1,NA,"Eriophorum angustifolium","EA57",3,2,1.5,18,0,"oui",2024-09-04,NA,"Benjamin","",3,"2024"
8,1,NA,"Eriophorum angustifolium","EA60",6,3.5,2.5,22,0,"oui",2024-09-04,NA,"Benjamin","",3,"2024"
8,1,NA,"Eriophorum angustifolium","EA61",7,4.5,2.5,29.5,2,"oui",2024-09-04,NA,"Benjamin","",3,"2024"
8,1,NA,"Eriophorum angustifolium","EA62",8,4,3,24,4,"oui",2024-09-04,NA,"Benjamin","",3,"2024"
8,1,NA,"Eriophorum angustifolium","EA63",9,4,3,27,2,"oui",2024-09-04,NA,"Benjamin","",3,"2024"
8,2,NA,"Eriophorum angustifolium","EA64",1,4.5,3,26,2,"oui",2024-09-04,NA,"Benjamin","",3,"2024"
8,2,NA,"Eriophorum angustifolium","EA65",2,3.5,2.5,19,3,"oui",2024-09-04,NA,"Benjamin","",3,"2024"
8,2,NA,"Eriophorum angustifolium","EA66",3,2.5,2,19.5,2,"oui",2024-09-04,NA,"Benjamin","stolons",3,"2024"
8,2,NA,"Eriophorum angustifolium","EA67",4,4,2,20.5,2,"non",2024-09-04,NA,"Benjamin","",3,"2024"
8,2,NA,"Eriophorum angustifolium","EA68",5,4,2.5,23,2,"non",2024-09-04,NA,"Benjamin","",3,"2024"
8,2,NA,"Eriophorum angustifolium","EA69",6,1.5,2,17,6,"non",2024-09-04,NA,"Benjamin","",3,"2024"
8,2,NA,"Eriophorum angustifolium","EA70",7,5.5,3,21.5,1,"oui",2024-09-04,NA,"Benjamin","",3,"2024"
8,2,NA,"Eriophorum angustifolium","EA71",8,3,3,19.5,1,"non",2024-09-04,NA,"Benjamin","",3,"2024"
8,2,NA,"Eriophorum angustifolium","EA72",9,4,3,22,2,"oui",2024-09-04,NA,"Benjamin","",3,"2024"
9,1,NA,"Carex nigra","CN73",1,4.5,4,17,1,"non",2024-09-04,NA,"Benjamin","",3,"2024"
9,1,NA,"Carex nigra","CN74",2,1,0.5,14,1,"non",2024-09-04,NA,"Benjamin","",3,"2024"
9,1,NA,"Carex nigra","CN75",3,3.5,2.5,19,1,"oui",2024-09-04,NA,"Benjamin","",3,"2024"
9,1,NA,"Carex nigra","CN76",4,3.5,2.5,14,0,"non",2024-09-04,NA,"Benjamin","",3,"2024"
9,1,NA,"Carex nigra","CN77",5,4,3,17,3,"oui",2024-09-04,NA,"Benjamin","",3,"2024"
9,1,NA,"Carex nigra","CN78",6,4,5,21.5,0,"non",2024-09-04,NA,"Benjamin","",3,"2024"
9,1,NA,"Carex nigra","CN81",9,3,1,16,2,"oui",2024-09-04,NA,"Benjamin","",3,"2024"
9,2,NA,"Carex nigra","CN82",1,4,3.5,14.5,0,"non",2024-09-04,NA,"Benjamin","",3,"2024"
9,2,NA,"Carex nigra","CN83",2,3.5,1,14,0,"non",2024-09-04,NA,"Benjamin","stolons",3,"2024"
9,2,NA,"Carex nigra","CN84",3,5,4.5,19.5,1,"oui",2024-09-04,NA,"Benjamin","",3,"2024"
9,2,NA,"Carex nigra","CN86",5,5,4.5,16.5,2,"non",2024-09-04,NA,"Benjamin","",3,"2024"
9,2,NA,"Carex nigra","CN87",6,4,3,18.5,3,"non",2024-09-04,NA,"Benjamin","",3,"2024"
9,2,NA,"Carex nigra","CN88",7,4.5,3.5,17,0,"non",2024-09-04,NA,"Benjamin","",3,"2024"
9,2,NA,"Carex nigra","CN89",8,5,4,14.5,2,"non",2024-09-04,NA,"Benjamin","",3,"2024"
9,2,NA,"Carex nigra","CN90",9,3,3,13,0,"non",2024-09-04,NA,"Benjamin","",3,"2024"
10,1,NA,"Eriophorum angustifolium","EA73",1,3.5,2.5,20,6,"non",2024-09-04,NA,"Benjamin","",3,"2024"
10,1,NA,"Eriophorum angustifolium","EA74",2,3,2,17,2,"non",2024-09-04,NA,"Benjamin","",3,"2024"
10,1,NA,"Eriophorum angustifolium","EA75",3,3,2.5,25,5,"non",2024-09-04,NA,"Benjamin","",3,"2024"
10,1,NA,"Eriophorum angustifolium","EA76",4,4,3,22.5,5,"oui",2024-09-04,NA,"Benjamin","",3,"2024"
10,1,NA,"Eriophorum angustifolium","EA77",5,3,3,21,4,"oui",2024-09-04,NA,"Benjamin","",3,"2024"
10,1,NA,"Eriophorum angustifolium","EA78",6,3,3,17.5,0,"non",2024-09-04,NA,"Benjamin","",3,"2024"
10,1,NA,"Eriophorum angustifolium","EA79",7,3,2,22,1,"oui",2024-09-04,NA,"Benjamin","",3,"2024"
10,1,NA,"Eriophorum angustifolium","EA80",8,3.5,2,21,3,"oui",2024-09-04,NA,"Benjamin","",3,"2024"
10,1,NA,"Eriophorum angustifolium","EA81",9,3.5,2,24,5,"non",2024-09-04,NA,"Benjamin","",3,"2024"
10,2,NA,"Eriophorum angustifolium","EA82",1,2.5,2,17,1,"oui",2024-09-04,NA,"Benjamin","",3,"2024"
10,2,NA,"Eriophorum angustifolium","EA83",2,4.5,5,21,3,"non",2024-09-04,NA,"Benjamin","",3,"2024"
10,2,NA,"Eriophorum angustifolium","EA84",3,5,2.5,25,6,"non",2024-09-04,NA,"Benjamin","",3,"2024"
10,2,NA,"Eriophorum angustifolium","EA85",4,5,3.5,30,4,"oui",2024-09-04,NA,"Benjamin","",3,"2024"
10,2,NA,"Eriophorum angustifolium","EA87",6,2.5,2,24,1,"oui",2024-09-04,NA,"Benjamin","",3,"2024"
10,2,NA,"Eriophorum angustifolium","EA88",7,2.5,2,26,5,"oui",2024-09-04,NA,"Benjamin","",3,"2024"
10,2,NA,"Eriophorum angustifolium","EA89",8,2.5,2,15,0,"oui",2024-09-04,NA,"Benjamin","",3,"2024"
11,1,NA,"Carex nigra","CN91",1,5,5,20,2,"oui",2024-09-04,NA,"Benjamin","",3,"2024"
11,1,NA,"Carex nigra","CN92",2,5,3,20,0,"oui",2024-09-04,NA,"Benjamin","",3,"2024"
11,1,NA,"Carex nigra","CN95",5,6.5,3.5,20.5,3,"non",2024-09-04,NA,"Benjamin","",3,"2024"
11,1,NA,"Carex nigra","CN96",6,3.5,3,15.5,2,"non",2024-09-04,NA,"Benjamin","",3,"2024"
11,1,NA,"Carex nigra","CN97",7,4,3.5,21.5,0,"non",2024-09-04,NA,"Benjamin","",3,"2024"
11,1,NA,"Carex nigra","CN98",8,2.5,2,16,1,"non",2024-09-04,NA,"Benjamin","",3,"2024"
11,1,NA,"Carex nigra","CN99",9,4.5,3,18,1,"non",2024-09-04,NA,"Benjamin","",3,"2024"
11,2,NA,"Carex nigra","CN100",1,2.5,3,29,0,"non",2024-09-04,NA,"Benjamin","réhaussée, fascine très immergée",3,"2024"
11,2,NA,"Carex nigra","CN102",3,2,0.5,17.5,1,"non",2024-09-04,NA,"Benjamin","réhaussée, fascine très immergée",3,"2024"
11,2,NA,"Carex nigra","CN103",4,1.5,2,23,1,"non",2024-09-04,NA,"Benjamin","réhaussée, fascine très immergée",3,"2024"
11,2,NA,"Carex nigra","CN104",5,3,1,24,0,"non",2024-09-04,NA,"Benjamin","réhaussée, fascine très immergée",3,"2024"
11,2,NA,"Carex nigra","CN105",6,2,1.5,24,0,"non",2024-09-04,NA,"Benjamin","réhaussée, fascine très immergée",3,"2024"
11,2,NA,"Carex nigra","CN106",7,3,2,28,0,"non",2024-09-04,NA,"Benjamin","réhaussée, fascine très immergée",3,"2024"
11,2,NA,"Carex nigra","CN107",8,0.5,0.5,20,0,"non",2024-09-04,NA,"Benjamin","réhaussée, fascine très immergée",3,"2024"
11,2,NA,"Carex nigra","CN108",9,0.5,0.5,14,0,"non",2024-09-04,NA,"Benjamin","réhaussée, fascine très immergée",3,"2024"
12,1,NA,"Eriophorum angustifolium","EA92",2,5,2,12.5,3,"non",2024-09-04,NA,"Benjamin","",3,"2024"
12,1,NA,"Eriophorum angustifolium","EA93",3,0.5,0.5,0,0,"non",2024-09-04,NA,"Benjamin","mort ?",3,"2024"
12,1,NA,"Eriophorum angustifolium","EA95",5,1.5,1.5,25,1,"non",2024-09-04,NA,"Benjamin","",3,"2024"
12,1,NA,"Carex nigra","EA96",6,2.5,2,14.5,1,"oui",2024-09-04,NA,"Benjamin","carex uniquement, stolons",3,"2024"
12,1,NA,"Eriophorum angustifolium","EA97",7,2,2,27.5,3,"non",2024-09-04,NA,"Benjamin","",3,"2024"
12,1,NA,"Eriophorum angustifolium","EA99",9,2.5,2.5,21,1,"oui",2024-09-04,NA,"Benjamin","",3,"2024"
12,2,NA,"Eriophorum angustifolium","EA101",2,4,2.5,26,5,"non",2024-09-04,NA,"Benjamin","",3,"2024"
12,2,NA,"Eriophorum angustifolium","EA102",3,4,3,29,2,"non",2024-09-04,NA,"Benjamin","",3,"2024"
12,2,NA,"Eriophorum angustifolium","EA106",7,5,4,19.5,0,"oui",2024-09-04,NA,"Benjamin","",3,"2024"
12,2,NA,"Eriophorum angustifolium","EA108",9,0.5,0.5,8,0,"oui",2024-09-04,NA,"Benjamin","",3,"2024"
13,1,NA,"Carex nigra","CN109",1,6,4,23,0,"non",2024-09-04,NA,"Benjamin","réhaussée",3,"2024"
13,1,NA,"Carex nigra","CN110",2,5,4,17.5,0,"oui",2024-09-04,NA,"Benjamin","",3,"2024"
13,1,NA,"Carex nigra","CN111",3,4,3,19.5,0,"oui",2024-09-04,NA,"Benjamin","",3,"2024"
13,1,NA,"Carex nigra","CN112",4,3,2.5,16,1,"oui",2024-09-04,NA,"Benjamin","",3,"2024"
13,1,NA,"Carex nigra","CN113",5,4.5,4,18.5,0,"non",2024-09-04,NA,"Benjamin","",3,"2024"
13,1,NA,"Carex nigra","CN114",6,3.5,3.5,21.5,1,"non",2024-09-04,NA,"Benjamin","",3,"2024"
13,1,NA,"Carex nigra","CN115",7,4.5,4.5,15.5,2,"non",2024-09-04,NA,"Benjamin","",3,"2024"
13,1,NA,"Carex nigra","CN116",8,4,3.5,19,0,"oui",2024-09-04,NA,"Benjamin","",3,"2024"
13,1,NA,"Carex nigra","CN117",9,4,2,15,0,"non",2024-09-04,NA,"Benjamin","",3,"2024"
13,2,NA,"Carex nigra","CN119",2,3.5,3,20.5,0,"non",2024-09-04,NA,"Benjamin","stolons",3,"2024"
13,2,NA,"Carex nigra","CN120",3,3,1.5,23,0,"non",2024-09-04,NA,"Benjamin","",3,"2024"
13,2,NA,"Carex nigra","CN121",4,4,2.5,14,1,"non",2024-09-04,NA,"Benjamin","",3,"2024"
13,2,NA,"Carex nigra","CN124",7,2.5,1.5,14.5,1,"non",2024-09-04,NA,"Benjamin","",3,"2024"
13,2,NA,"Carex nigra","CN125",8,2.5,1.5,19,0,"oui",2024-09-04,NA,"Benjamin","",3,"2024"
13,2,NA,"Carex nigra","CN126",9,3.5,3,17.5,0,"oui",2024-09-04,NA,"Benjamin","",3,"2024"
14,1,NA,"Eriophorum angustifolium","EA109",1,4,4,25,2,"non",2024-09-04,NA,"Benjamin","",3,"2024"
14,1,NA,"Eriophorum angustifolium","EA110",2,3,2.5,21,2,"non",2024-09-04,NA,"Benjamin","",3,"2024"
14,1,NA,"Eriophorum angustifolium","EA112",4,2.5,2.5,22.5,5,"non",2024-09-04,NA,"Benjamin","",3,"2024"
14,1,NA,"Eriophorum angustifolium","EA114",6,4,3,21.5,3,"oui",2024-09-04,NA,"Benjamin","",3,"2024"
14,1,NA,"Eriophorum angustifolium","EA116",8,3.5,2.5,30,3,"oui",2024-09-04,NA,"Benjamin","",3,"2024"
14,1,NA,"Eriophorum angustifolium","EA117",9,3.5,1.5,15.5,2,"oui",2024-09-04,NA,"Benjamin","",3,"2024"
14,2,NA,"Eriophorum angustifolium","EA118",1,3.5,4,30,2,"oui",2024-09-04,NA,"Benjamin","",3,"2024"
14,2,NA,"Eriophorum angustifolium","EA123",6,1.5,1.5,18,0,"non",2024-09-04,NA,"Benjamin","",3,"2024"
15,1,NA,"Carex nigra","CN127",1,5,4,15,2,"non",2024-09-04,NA,"Benjamin","",3,"2024"
15,1,NA,"Carex nigra","CN130",4,6,3,12.5,3,"non",2024-09-04,NA,"Benjamin","",3,"2024"
15,1,NA,"Carex nigra","CN132",6,3,2.5,16,0,"non",2024-09-04,NA,"Benjamin","",3,"2024"
15,1,NA,"Carex nigra","CN133",7,5,3,12,0,"non",2024-09-04,NA,"Benjamin","",3,"2024"
15,1,NA,"Carex nigra","CN135",9,6,5,17.5,2,"non",2024-09-04,NA,"Benjamin","",3,"2024"
15,2,NA,"Carex nigra","CN136",1,4,3,22,0,"non",2024-09-04,NA,"Benjamin","",3,"2024"
15,2,NA,"Carex nigra","CN138",3,3.5,4,15,0,"non",2024-09-04,NA,"Benjamin","",3,"2024"
15,2,NA,"Carex nigra","CN139",4,5,4,14,0,"non",2024-09-04,NA,"Benjamin","",3,"2024"
15,2,NA,"Carex nigra","CN140",5,4,2,15.5,0,"non",2024-09-04,NA,"Benjamin","",3,"2024"
15,2,NA,"Carex nigra","CN141",6,5,2.5,13.5,2,"non",2024-09-04,NA,"Benjamin","",3,"2024"
15,2,NA,"Carex nigra","CN143",8,3,1.5,17.5,0,"non",2024-09-04,NA,"Benjamin","",3,"2024"
15,2,NA,"Carex nigra","CN144",9,6.5,3,26,0,"non",2024-09-04,NA,"Benjamin","",3,"2024"
16,1,NA,"Eriophorum angustifolium","EA128",2,1.5,1.5,18,1,"non",2024-09-04,NA,"Benjamin","",3,"2024"
16,1,NA,"Eriophorum angustifolium","EA129",3,1.5,1,18.5,3,"non",2024-09-04,NA,"Benjamin","",3,"2024"
16,1,NA,"Eriophorum angustifolium","EA131",5,4,4,22,3,"non",2024-09-04,NA,"Benjamin","",3,"2024"
16,1,NA,"Eriophorum angustifolium","EA132",6,2,1.5,21,5,"non",2024-09-04,NA,"Benjamin","",3,"2024"
16,1,NA,"Eriophorum angustifolium","EA133",7,2,2,23,3,"non",2024-09-04,NA,"Benjamin","",3,"2024"
16,1,NA,"Eriophorum angustifolium","EA134",8,4,2.5,16.5,1,"oui",2024-09-04,NA,"Benjamin","",3,"2024"
16,1,NA,"Eriophorum angustifolium","EA135",9,4,3.5,24,1,"oui",2024-09-04,NA,"Benjamin","",3,"2024"
16,2,NA,"Eriophorum angustifolium","EA138",3,1.5,1.5,15.5,1,"oui",2024-09-04,NA,"Benjamin","",3,"2024"
16,2,NA,"Eriophorum angustifolium","EA139",4,2,2,17,1,"non",2024-09-04,NA,"Benjamin","",3,"2024"
16,2,NA,"Eriophorum angustifolium","EA140",5,2.5,2,24,1,"oui",2024-09-04,NA,"Benjamin","",3,"2024"
1,1,NA,"Carex nigra","CN2",2,4,4,13,4,"oui",2025-06-30,NA,"BG + FA","Florent à fait tous les nombres de reprises",4,"2025"
1,1,NA,"Carex nigra","CN6",6,6,4.5,12,2,"oui",2025-06-30,NA,"BG + FA","",4,"2025"
1,1,NA,"Carex nigra","CN9",9,3.5,3,12,2,"oui",2025-06-30,NA,"BG + FA","",4,"2025"
1,2,NA,"Carex nigra","CN10",1,4,3,10,0,"oui",2025-06-30,NA,"BG + FA","",4,"2025"
1,2,NA,"Carex nigra","CN11",2,2,2,11,5,"oui",2025-06-30,NA,"BG + FA","",4,"2025"
1,2,NA,"Carex nigra","CN12",3,3.5,2.5,16.5,0,"oui",2025-06-30,NA,"BG + FA","",4,"2025"
1,2,NA,"Carex nigra","CN13",4,3,2.5,13,4,"oui",2025-06-30,NA,"BG + FA","",4,"2025"
1,2,NA,"Carex nigra","CN14",5,5,4,13,2,"oui",2025-06-30,NA,"BG + FA","",4,"2025"
1,2,NA,"Carex nigra","CN15",6,4,3.5,15,2,"oui",2025-06-30,NA,"BG + FA","",4,"2025"
1,2,NA,"Carex nigra","CN16",7,5.5,4,14.5,3,"non",2025-06-30,NA,"BG + FA","",4,"2025"
1,2,NA,"Carex nigra","CN17",8,3.5,4,13.5,1,"oui",2025-06-30,NA,"BG + FA","",4,"2025"
1,2,NA,"Carex nigra","CN18",9,4.5,2,12,2,"oui",2025-06-30,NA,"BG + FA","",4,"2025"
2,1,NA,"Eriophorum angustifolium","EA1",1,4,2.5,15,9,"oui",2025-06-30,NA,"BG + FA","",4,"2025"
2,1,NA,"Eriophorum angustifolium","EA2",2,3,3.5,17,5,"oui",2025-06-30,NA,"BG + FA","",4,"2025"
2,1,NA,"Eriophorum angustifolium","EA3",3,4,3,13.5,6,"oui",2025-06-30,NA,"BG + FA","",4,"2025"
2,1,NA,"Eriophorum angustifolium","EA4",4,3,2,12,7,"non",2025-06-30,NA,"BG + FA","",4,"2025"
2,1,NA,"Eriophorum angustifolium","EA5",5,2,1.5,10.5,3,"oui",2025-06-30,NA,"BG + FA","",4,"2025"
2,1,NA,"Eriophorum angustifolium","EA6",6,1.5,1.5,12,4,"oui",2025-06-30,NA,"BG + FA","",4,"2025"
2,1,NA,"Eriophorum angustifolium","EA7",7,3,1.5,12,4,"non",2025-06-30,NA,"BG + FA","",4,"2025"
2,1,NA,"Eriophorum angustifolium","EA9",9,1.5,1.5,11,3,"oui",2025-06-30,NA,"BG + FA","",4,"2025"
2,2,NA,"Eriophorum angustifolium","EA11",2,3.5,3,14.5,7,"oui",2025-06-30,NA,"BG + FA","",4,"2025"
2,2,NA,"Eriophorum angustifolium","EA12",3,2.5,1.5,13.5,4,"oui",2025-06-30,NA,"BG + FA","",4,"2025"
2,2,NA,"Eriophorum angustifolium","EA15",6,4.5,3,14.5,2,"oui",2025-06-30,NA,"BG + FA","",4,"2025"
2,2,NA,"Eriophorum angustifolium","EA17",8,2,2,15,5,"non",2025-06-30,NA,"BG + FA","",4,"2025"
2,2,NA,"Eriophorum angustifolium","EA18",9,3,2,12.5,3,"non",2025-06-30,NA,"BG + FA","",4,"2025"
3,1,NA,"Carex nigra","CN19",1,4,2.5,11,2,"oui",2025-06-30,NA,"BG + FA","",4,"2025"
3,1,NA,"Carex nigra","CN20",2,3.5,2,10.5,2,"oui",2025-06-30,NA,"BG + FA","",4,"2025"
3,1,NA,"Carex nigra","CN21",3,3,4,14,4,"oui",2025-06-30,NA,"BG + FA","",4,"2025"
3,1,NA,"Carex nigra","CN22",4,5,4.5,15,6,"oui",2025-06-30,NA,"BG + FA","",4,"2025"
3,1,NA,"Carex nigra","CN23",5,6,3.5,15,1,"oui",2025-06-30,NA,"BG + FA","",4,"2025"
3,1,NA,"Carex nigra","CN24",6,4.5,4,15.5,1,"oui",2025-06-30,NA,"BG + FA","",4,"2025"
3,1,NA,"Carex nigra","CN25",7,5,3.5,14,1,"oui",2025-06-30,NA,"BG + FA","germination poaceae ",4,"2025"
3,1,NA,"Carex nigra","CN26",8,4.5,2.5,12.5,2,"oui",2025-06-30,NA,"BG + FA","",4,"2025"
3,1,NA,"Carex nigra","CN27",9,4.5,4,11.5,3,"non",2025-06-30,NA,"BG + FA","",4,"2025"
3,2,NA,"Carex nigra","CN28",1,5,2.5,12,1,"oui",2025-06-30,NA,"BG + FA","",4,"2025"
3,2,NA,"Carex nigra","CN29",2,3,3,11,4,"oui",2025-06-30,NA,"BG + FA","",4,"2025"
3,2,NA,"Carex nigra","CN30",3,3.5,2.5,15,2,"oui",2025-06-30,NA,"BG + FA","",4,"2025"
3,2,NA,"Carex nigra","CN31",4,2,2,17.5,0,"oui",2025-06-30,NA,"BG + FA","",4,"2025"
3,2,NA,"Carex nigra","CN33",6,3,3,13,2,"oui",2025-06-30,NA,"BG + FA","",4,"2025"
3,2,NA,"Carex nigra","CN34",7,4,4,17,4,"oui",2025-06-30,NA,"BG + FA","",4,"2025"
4,1,NA,"Eriophorum angustifolium","EA20",2,3,2.5,13.5,4,"non",2025-06-30,NA,"BG + FA","",4,"2025"
4,1,NA,"Eriophorum angustifolium","EA21",3,3,1.5,12.5,8,"oui",2025-06-30,NA,"BG + FA","",4,"2025"
4,1,NA,"Eriophorum angustifolium","EA25",7,4,4,17,11,"oui",2025-06-30,NA,"BG + FA","",4,"2025"
4,1,NA,"Eriophorum angustifolium","EA27",9,3,2,17.5,4,"non",2025-06-30,NA,"BG + FA","",4,"2025"
4,2,NA,"Eriophorum angustifolium","EA29",2,3.5,3,17,6,"oui",2025-06-30,NA,"BG + FA","",4,"2025"
4,2,NA,"Eriophorum angustifolium","EA30",3,2,1,13.5,3,"oui",2025-06-30,NA,"BG + FA","",4,"2025"
4,2,NA,"Eriophorum angustifolium","EA32",5,3,2,14.5,4,"oui",2025-06-30,NA,"BG + FA","",4,"2025"
4,2,NA,"Carex nigra","EA33",6,1,1,12,4,"non",2025-06-30,NA,"BG + FA","carex uniquement",4,"2025"
4,2,NA,"Eriophorum angustifolium","EA35",8,2.5,2,19,1,"non",2025-06-30,NA,"BG + FA","",4,"2025"
4,2,NA,"Eriophorum angustifolium","EA36",9,2.5,1.5,10,2,"non",2025-06-30,NA,"BG + FA","",4,"2025"
5,1,NA,"Carex nigra","CN37",1,2.5,1.5,14,0,"oui",2025-06-30,NA,"BG + FA","",4,"2025"
5,1,NA,"Carex nigra","CN38",2,5,3.5,14.5,1,"non",2025-06-30,NA,"BG + FA","",4,"2025"
5,1,NA,"Carex nigra","CN39",3,5.5,3.5,12,0,"oui",2025-06-30,NA,"BG + FA","",4,"2025"
5,1,NA,"Carex nigra","CN40",4,6,5,14,1,"oui",2025-06-30,NA,"BG + FA","",4,"2025"
5,1,NA,"Carex nigra","CN41",5,5,4,12.5,2,"oui",2025-06-30,NA,"BG + FA","",4,"2025"
5,1,NA,"Carex nigra","CN42",6,5.5,4.5,15,0,"oui",2025-06-30,NA,"BG + FA","",4,"2025"
5,1,NA,"Carex nigra","CN43",7,6,5.5,14,2,"oui",2025-06-30,NA,"BG + FA","",4,"2025"
5,1,NA,"Carex nigra","CN44",8,1.5,1,9.5,1,"oui",2025-06-30,NA,"BG + FA","",4,"2025"
5,2,NA,"Carex nigra","CN46",1,4.5,3,15,1,"non",2025-06-30,NA,"BG + FA","",4,"2025"
5,2,NA,"Carex nigra","CN47",2,7,5,14.5,1,"oui",2025-06-30,NA,"BG + FA","",4,"2025"
5,2,NA,"Carex nigra","CN48",3,5,3.5,10,1,"oui",2025-06-30,NA,"BG + FA","",4,"2025"
5,2,NA,"Carex nigra","CN49",4,3.5,3,13.5,1,"oui",2025-06-30,NA,"BG + FA","",4,"2025"
5,2,NA,"Carex nigra","CN51",6,3.5,3,15.5,3,"oui",2025-06-30,NA,"BG + FA","",4,"2025"
5,2,NA,"Carex nigra","CN52",7,2.5,1,9,2,"oui",2025-06-30,NA,"BG + FA","",4,"2025"
5,2,NA,"Carex nigra","CN53",8,5,3,15,3,"oui",2025-06-30,NA,"BG + FA","",4,"2025"
5,2,NA,"Carex nigra","CN54",9,2,1,12,1,"oui",2025-06-30,NA,"BG + FA","",4,"2025"
6,1,NA,"Eriophorum angustifolium","EA38",2,4,2.5,13,6,"oui",2025-06-30,NA,"BG + FA","",4,"2025"
6,1,NA,"Eriophorum angustifolium","EA40",4,3.5,2,13,11,"oui",2025-06-30,NA,"BG + FA","",4,"2025"
6,1,NA,"Eriophorum angustifolium","EA43",7,3,3,20.5,4,"oui",2025-06-30,NA,"BG + FA","",4,"2025"
6,1,NA,"Eriophorum angustifolium","EA44",8,1,1,17.5,1,"oui",2025-06-30,NA,"BG + FA","",4,"2025"
6,1,NA,"Eriophorum angustifolium","EA45",9,2.5,1,14,6,"non",2025-06-30,NA,"BG + FA","",4,"2025"
6,2,NA,"Eriophorum angustifolium","EA46",1,2.5,2,13,5,"oui",2025-06-30,NA,"BG + FA","",4,"2025"
6,2,NA,"Eriophorum angustifolium","EA47",2,6,3,17.5,1,"oui",2025-06-30,NA,"BG + FA","",4,"2025"
6,2,NA,"Eriophorum angustifolium","EA48",3,4,1,12,1,"oui",2025-06-30,NA,"BG + FA","",4,"2025"
6,2,NA,"Eriophorum angustifolium","EA50",5,3,2,15.5,9,"oui",2025-06-30,NA,"BG + FA","",4,"2025"
6,2,NA,"Eriophorum angustifolium","EA51",6,3.5,3,15,5,"oui",2025-06-30,NA,"BG + FA","",4,"2025"
6,2,NA,"Eriophorum angustifolium","EA53",8,3,2.5,12,1,"oui",2025-06-30,NA,"BG + FA","",4,"2025"
6,2,NA,"Eriophorum angustifolium","EA54",9,4,2,14,5,"non",2025-06-30,NA,"BG + FA","",4,"2025"
7,1,NA,"Carex nigra","CN55",1,4.5,3,8,3,"non",2025-06-30,NA,"BG + FA","",4,"2025"
7,1,NA,"Carex nigra","CN56",2,3,1.5,10,3,"oui",2025-06-30,NA,"BG + FA","",4,"2025"
7,1,NA,"Carex nigra","CN57",3,3,2,10,2,"oui",2025-06-30,NA,"BG + FA","",4,"2025"
7,1,NA,"Carex nigra","CN58",4,2.5,2,8.5,1,"non",2025-06-30,NA,"BG + FA","",4,"2025"
7,1,NA,"Carex nigra","CN59",5,2.5,2,10.5,3,"oui",2025-06-30,NA,"BG + FA","",4,"2025"
7,1,NA,"Carex nigra","CN60",6,2,1.5,8.5,3,"oui",2025-06-30,NA,"BG + FA","",4,"2025"
7,1,NA,"Carex nigra","CN61",7,5,3,13.5,4,"oui",2025-06-30,NA,"BG + FA","",4,"2025"
7,1,NA,"Carex nigra","CN62",8,5,3.5,12.5,6,"oui",2025-06-30,NA,"BG + FA","",4,"2025"
7,1,NA,"Carex nigra","CN63",9,4,3,9,2,"non",2025-06-30,NA,"BG + FA","",4,"2025"
7,2,NA,"Carex nigra","CN64",1,5,4.5,10.5,1,"oui",2025-06-30,NA,"BG + FA","",4,"2025"
7,2,NA,"Carex nigra","CN65",2,1,1,8.5,0,"non",2025-06-30,NA,"BG + FA","",4,"2025"
7,2,NA,"Carex nigra","CN66",3,3,3,6.5,2,"oui",2025-06-30,NA,"BG + FA","",4,"2025"
7,2,NA,"Carex nigra","CN67",4,4,3,11,2,"oui",2025-06-30,NA,"BG + FA","",4,"2025"
7,2,NA,"Carex nigra","CN68",5,4,3,14,1,"oui",2025-06-30,NA,"BG + FA","",4,"2025"
7,2,NA,"Carex nigra","CN69",6,4,3.5,11,0,"oui",2025-06-30,NA,"BG + FA","",4,"2025"
7,2,NA,"Carex nigra","CN70",7,5,4,12,0,"oui",2025-06-30,NA,"BG + FA","",4,"2025"
7,2,NA,"Carex nigra","CN71",8,2.5,2.5,10,4,"oui",2025-06-30,NA,"BG + FA","",4,"2025"
8,1,NA,"Eriophorum angustifolium","EA55",1,2,1.5,17,4,"oui",2025-06-30,NA,"BG + FA","",4,"2025"
8,1,NA,"Eriophorum angustifolium","EA56",2,2.5,1.5,11,2,"non",2025-06-30,NA,"BG + FA","",4,"2025"
8,1,NA,"Eriophorum angustifolium","EA57",3,2,1,15,3,"non",2025-06-30,NA,"BG + FA","",4,"2025"
8,1,NA,"Eriophorum angustifolium","EA60",6,2,1,13.5,4,"oui",2025-06-30,NA,"BG + FA","",4,"2025"
8,1,NA,"Eriophorum angustifolium","EA61",7,4,4,17,5,"non",2025-06-30,NA,"BG + FA","",4,"2025"
8,1,NA,"Eriophorum angustifolium","EA62",8,3,2,14,8,"oui",2025-06-30,NA,"BG + FA","",4,"2025"
8,1,NA,"Eriophorum angustifolium","EA63",9,5,3,17,4,"non",2025-06-30,NA,"BG + FA","",4,"2025"
8,2,NA,"Eriophorum angustifolium","EA64",1,3,1.5,15,5,"oui",2025-06-30,NA,"BG + FA","",4,"2025"
8,2,NA,"Eriophorum angustifolium","EA65",2,4.5,3,14,4,"oui",2025-06-30,NA,"BG + FA","",4,"2025"
8,2,NA,"Eriophorum angustifolium","EA66",3,3,2,12,3,"non",2025-06-30,NA,"BG + FA","",4,"2025"
8,2,NA,"Eriophorum angustifolium","EA67",4,3,2.5,15,7,"oui",2025-06-30,NA,"BG + FA","",4,"2025"
8,2,NA,"Eriophorum angustifolium","EA68",5,4,3,18,6,"oui",2025-06-30,NA,"BG + FA","",4,"2025"
8,2,NA,"Eriophorum angustifolium","EA69",6,2,1.5,10,6,"non",2025-06-30,NA,"BG + FA","",4,"2025"
8,2,NA,"Eriophorum angustifolium","EA70",7,3.5,2.5,17,5,"non",2025-06-30,NA,"BG + FA","",4,"2025"
8,2,NA,"Eriophorum angustifolium","EA71",8,2,1,13,5,"non",2025-06-30,NA,"BG + FA","",4,"2025"
8,2,NA,"Eriophorum angustifolium","EA72",9,3,2.5,17.5,4,"non",2025-06-30,NA,"BG + FA","",4,"2025"
9,1,NA,"Carex nigra","CN73",1,5,3,12,2,"oui",2025-06-30,NA,"BG + FA","",4,"2025"
9,1,NA,"Carex nigra","CN74",2,1.5,1.5,9.5,1,"non",2025-06-30,NA,"BG + FA","",4,"2025"
9,1,NA,"Carex nigra","CN75",3,4.5,4.5,14,0,"oui",2025-06-30,NA,"BG + FA","",4,"2025"
9,1,NA,"Carex nigra","CN76",4,3.5,3,10,1,"non",2025-06-30,NA,"BG + FA","",4,"2025"
9,1,NA,"Carex nigra","CN77",5,4,2,13,5,"oui",2025-06-30,NA,"BG + FA","",4,"2025"
9,1,NA,"Carex nigra","CN78",6,5.5,3.5,18,0,"oui",2025-06-30,NA,"BG + FA","",4,"2025"
9,1,NA,"Carex nigra","CN81",9,2,1.5,10,2,"non",2025-06-30,NA,"BG + FA","",4,"2025"
9,2,NA,"Carex nigra","CN82",1,3,2.5,12,0,"non",2025-06-30,NA,"BG + FA","",4,"2025"
9,2,NA,"Carex nigra","CN83",2,3,2,13,1,"non",2025-06-30,NA,"BG + FA","",4,"2025"
9,2,NA,"Carex nigra","CN84",3,4.5,4,16,1,"oui",2025-06-30,NA,"BG + FA","",4,"2025"
9,2,NA,"Carex nigra","CN86",5,6,4,15,5,"oui",2025-06-30,NA,"BG + FA","",4,"2025"
9,2,NA,"Carex nigra","CN87",6,3.5,3,13,2,"oui",2025-06-30,NA,"BG + FA","",4,"2025"
9,2,NA,"Carex nigra","CN88",7,3,2.5,13,0,"oui",2025-06-30,NA,"BG + FA","",4,"2025"
9,2,NA,"Carex nigra","CN89",8,4.5,3.5,10,7,"oui",2025-06-30,NA,"BG + FA","",4,"2025"
9,2,NA,"Carex nigra","CN90",9,3.5,2.5,9,2,"oui",2025-06-30,NA,"BG + FA","",4,"2025"
10,1,NA,"Eriophorum angustifolium","EA73",1,3,2,9,7,"oui",2025-06-30,NA,"BG + FA","",4,"2025"
10,1,NA,"Eriophorum angustifolium","EA74",2,2.5,2,14.5,5,"oui",2025-06-30,NA,"BG + FA","",4,"2025"
10,1,NA,"Eriophorum angustifolium","EA75",3,3,3,13.5,5,"oui",2025-06-30,NA,"BG + FA","",4,"2025"
10,1,NA,"Eriophorum angustifolium","EA76",4,4.5,3,14.5,7,"oui",2025-06-30,NA,"BG + FA","",4,"2025"
10,1,NA,"Eriophorum angustifolium","EA77",5,3.5,2,16.5,8,"oui",2025-06-30,NA,"BG + FA","",4,"2025"
10,1,NA,"Eriophorum angustifolium","EA78",6,3.5,3,13,3,"non",2025-06-30,NA,"BG + FA","",4,"2025"
10,1,NA,"Eriophorum angustifolium","EA79",7,2.5,2,11.5,4,"oui",2025-06-30,NA,"BG + FA","",4,"2025"
10,1,NA,"Eriophorum angustifolium","EA80",8,3,1.5,13,6,"oui",2025-06-30,NA,"BG + FA","",4,"2025"
10,1,NA,"Eriophorum angustifolium","EA81",9,2.5,1,13,6,"oui",2025-06-30,NA,"BG + FA","",4,"2025"
10,2,NA,"Eriophorum angustifolium","EA82",1,2.5,2.5,16,3,"non",2025-06-30,NA,"BG + FA","",4,"2025"
10,2,NA,"Eriophorum angustifolium","EA83",2,3,2.5,12,4,"oui",2025-06-30,NA,"BG + FA","",4,"2025"
10,2,NA,"Eriophorum angustifolium","EA84",3,4.5,1.5,13,7,"oui",2025-06-30,NA,"BG + FA","",4,"2025"
10,2,NA,"Eriophorum angustifolium","EA85",4,3.5,3.5,17,5,"oui",2025-06-30,NA,"BG + FA","",4,"2025"
10,2,NA,"Eriophorum angustifolium","EA87",6,2,2,13.5,3,"oui",2025-06-30,NA,"BG + FA","",4,"2025"
10,2,NA,"Eriophorum angustifolium","EA88",7,3,3,15,4,"oui",2025-06-30,NA,"BG + FA","",4,"2025"
10,2,NA,"Eriophorum angustifolium","EA89",8,2,1.5,12,0,"non",2025-06-30,NA,"BG + FA","",4,"2025"
11,1,NA,"Carex nigra","CN91",1,4,3.5,11.5,1,"oui",2025-06-30,NA,"BG + FA","",4,"2025"
11,1,NA,"Carex nigra","CN92",2,4.5,3,13,4,"oui",2025-06-30,NA,"BG + FA","",4,"2025"
11,1,NA,"Carex nigra","CN95",5,5,3,13,9,"oui",2025-06-30,NA,"BG + FA","",4,"2025"
11,1,NA,"Carex nigra","CN96",6,3,2.5,12,7,"oui",2025-06-30,NA,"BG + FA","",4,"2025"
11,1,NA,"Carex nigra","CN97",7,2.5,2,14,3,"oui",2025-06-30,NA,"BG + FA","",4,"2025"
11,1,NA,"Carex nigra","CN98",8,1.5,1.5,12,1,"oui",2025-06-30,NA,"BG + FA","",4,"2025"
11,1,NA,"Carex nigra","CN99",9,3,2.5,19,2,"oui",2025-06-30,NA,"BG + FA","",4,"2025"
11,2,NA,"Carex nigra","CN100",1,1,0.5,10,0,"oui",2025-06-30,NA,"BG + FA","",4,"2025"
11,2,NA,"Carex nigra","CN102",3,2.5,1.5,14.5,0,"oui",2025-06-30,NA,"BG + FA","",4,"2025"
11,2,NA,"Carex nigra","CN103",4,2,1.5,16,0,"oui",2025-06-30,NA,"BG + FA","",4,"2025"
11,2,NA,"Carex nigra","CN104",5,1.5,1,10.5,0,"oui",2025-06-30,NA,"BG + FA","",4,"2025"
11,2,NA,"Carex nigra","CN105",6,2.5,1.5,11.5,1,"oui",2025-06-30,NA,"BG + FA","",4,"2025"
11,2,NA,"Carex nigra","CN106",7,2.5,2,13,0,"oui",2025-06-30,NA,"BG + FA","",4,"2025"
11,2,NA,"Carex nigra","CN107",8,0.5,0.5,8.5,0,"oui",2025-06-30,NA,"BG + FA","",4,"2025"
11,2,NA,"Carex nigra","CN108",9,0.5,0.5,5.5,0,"non",2025-06-30,NA,"BG + FA","",4,"2025"
12,1,NA,"Eriophorum angustifolium","EA92",2,5,4,13,3,"non",2025-06-30,NA,"BG + FA","",4,"2025"
12,1,NA,"Eriophorum angustifolium","EA93",3,1.5,1,18,0,"non",2025-06-30,NA,"BG + FA","",4,"2025"
12,1,NA,"Eriophorum angustifolium","EA95",5,1,1,12.5,3,"oui",2025-06-30,NA,"BG + FA","",4,"2025"
12,1,NA,"Carex nigra","EA96",6,1.5,1,13.5,5,"non",2025-06-30,NA,"BG + FA","",4,"2025"
12,1,NA,"Eriophorum angustifolium","EA97",7,2,1,13.5,3,"oui",2025-06-30,NA,"BG + FA","",4,"2025"
12,1,NA,"Eriophorum angustifolium","EA99",9,2,1.5,13,4,"non",2025-06-30,NA,"BG + FA","",4,"2025"
12,2,NA,"Eriophorum angustifolium","EA101",2,3.5,3,15.5,12,"oui",2025-06-30,NA,"BG + FA","",4,"2025"
12,2,NA,"Eriophorum angustifolium","EA102",3,3.5,2.5,16,1,"oui",2025-06-30,NA,"BG + FA","",4,"2025"
12,2,NA,"Eriophorum angustifolium","EA106",7,4,4,17,2,"oui",2025-06-30,NA,"BG + FA","",4,"2025"
12,2,NA,"Eriophorum angustifolium","EA108",9,1,1,9,1,"non",2025-06-30,NA,"BG + FA","",4,"2025"
13,1,NA,"Carex nigra","CN109",1,4.5,3.5,11.5,1,"oui",2025-06-30,NA,"BG + FA","",4,"2025"
13,1,NA,"Carex nigra","CN110",2,4,3,13,0,"oui",2025-06-30,NA,"BG + FA","",4,"2025"
13,1,NA,"Carex nigra","CN111",3,3.5,2.5,14,1,"oui",2025-06-30,NA,"BG + FA","",4,"2025"
13,1,NA,"Carex nigra","CN112",4,2,2,12.5,2,"oui",2025-06-30,NA,"BG + FA","",4,"2025"
13,1,NA,"Carex nigra","CN113",5,4.5,4,14.5,0,"oui",2025-06-30,NA,"BG + FA","",4,"2025"
13,1,NA,"Carex nigra","CN114",6,4,3,17,2,"oui",2025-06-30,NA,"BG + FA","",4,"2025"
13,1,NA,"Carex nigra","CN115",7,4,4,13,3,"oui",2025-06-30,NA,"BG + FA","",4,"2025"
13,1,NA,"Carex nigra","CN116",8,4,3,10,1,"oui",2025-06-30,NA,"BG + FA","",4,"2025"
13,1,NA,"Carex nigra","CN117",9,1.5,1,9.5,1,"non",2025-06-30,NA,"BG + FA","",4,"2025"
13,2,NA,"Carex nigra","CN119",2,5,4,9.5,0,"oui",2025-06-30,NA,"BG + FA","",4,"2025"
13,2,NA,"Carex nigra","CN120",3,2,2,10,0,"oui",2025-06-30,NA,"BG + FA","",4,"2025"
13,2,NA,"Carex nigra","CN121",4,3.5,2,7,0,"oui",2025-06-30,NA,"BG + FA","",4,"2025"
13,2,NA,"Carex nigra","CN124",7,2.5,1.5,8.5,3,"oui",2025-06-30,NA,"BG + FA","",4,"2025"
13,2,NA,"Carex nigra","CN125",8,2.5,1.5,15.5,0,"oui",2025-06-30,NA,"BG + FA","",4,"2025"
13,2,NA,"Carex nigra","CN126",9,4,2,13.5,0,"oui",2025-06-30,NA,"BG + FA","",4,"2025"
14,1,NA,"Eriophorum angustifolium","EA109",1,3,2,13,2,"oui",2025-06-30,NA,"BG + FA","1 grenouille",4,"2025"
14,1,NA,"Eriophorum angustifolium","EA110",2,2.5,2.5,13,7,"oui",2025-06-30,NA,"BG + FA","",4,"2025"
14,1,NA,"Eriophorum angustifolium","EA112",4,2,2,16,9,"oui",2025-06-30,NA,"BG + FA","",4,"2025"
14,1,NA,"Eriophorum angustifolium","EA114",6,4,2,15,5,"oui",2025-06-30,NA,"BG + FA","",4,"2025"
14,1,NA,"Eriophorum angustifolium","EA116",8,5.5,2.5,17,5,"oui",2025-06-30,NA,"BG + FA","",4,"2025"
14,1,NA,"Eriophorum angustifolium","EA117",9,2,1.5,12,7,"non",2025-06-30,NA,"BG + FA","",4,"2025"
14,2,NA,"Eriophorum angustifolium","EA118",1,3,3,11,4,"oui",2025-06-30,NA,"BG + FA","",4,"2025"
14,2,NA,"Eriophorum angustifolium","EA123",6,2,1,9.5,4,"non",2025-06-30,NA,"BG + FA","",4,"2025"
15,1,NA,"Carex nigra","CN127",1,6,3,12,4,"oui",2025-06-30,NA,"BG + FA","",4,"2025"
15,1,NA,"Carex nigra","CN130",4,4,2.5,11,4,"non",2025-06-30,NA,"BG + FA","",4,"2025"
15,1,NA,"Carex nigra","CN132",6,3.5,2,11,1,"oui",2025-06-30,NA,"BG + FA","",4,"2025"
15,1,NA,"Carex nigra","CN133",7,5,3.5,11,2,"oui",2025-06-30,NA,"BG + FA","",4,"2025"
15,1,NA,"Carex nigra","CN135",9,4.5,4,10.5,2,"oui",2025-06-30,NA,"BG + FA","",4,"2025"
15,2,NA,"Carex nigra","CN136",1,3,3,13.5,0,"oui",2025-06-30,NA,"BG + FA","",4,"2025"
15,2,NA,"Carex nigra","CN138",3,4,3.5,15,0,"oui",2025-06-30,NA,"BG + FA","",4,"2025"
15,2,NA,"Carex nigra","CN139",4,5,3.5,14,0,"non",2025-06-30,NA,"BG + FA","",4,"2025"
15,2,NA,"Carex nigra","CN140",5,4,2.5,14.5,1,"oui",2025-06-30,NA,"BG + FA","7 tiges de jonc",4,"2025"
15,2,NA,"Carex nigra","CN141",6,3,3,8.5,5,"oui",2025-06-30,NA,"BG + FA","",4,"2025"
15,2,NA,"Carex nigra","CN143",8,0.5,0.5,11,0,"oui",2025-06-30,NA,"BG + FA","",4,"2025"
15,2,NA,"Carex nigra","CN144",9,6,0.5,10,3,"oui",2025-06-30,NA,"BG + FA","",4,"2025"
16,1,NA,"Eriophorum angustifolium","EA128",2,1.5,1.5,10,6,"oui",2025-06-30,NA,"BG + FA","",4,"2025"
16,1,NA,"Eriophorum angustifolium","EA129",3,2.5,1.5,11,9,"oui",2025-06-30,NA,"BG + FA","",4,"2025"
16,1,NA,"Eriophorum angustifolium","EA131",5,5,2.5,12,7,"oui",2025-06-30,NA,"BG + FA","",4,"2025"
16,1,NA,"Eriophorum angustifolium","EA132",6,2,1.5,12.5,8,"oui",2025-06-30,NA,"BG + FA","",4,"2025"
16,1,NA,"Eriophorum angustifolium","EA133",7,3,2,13.5,3,"non",2025-06-30,NA,"BG + FA","",4,"2025"
16,1,NA,"Eriophorum angustifolium","EA134",8,6.5,3.5,12,4,"non",2025-06-30,NA,"BG + FA","",4,"2025"
16,1,NA,"Eriophorum angustifolium","EA135",9,4.5,3,16,2,"non",2025-06-30,NA,"BG + FA","",4,"2025"
16,2,NA,"Eriophorum angustifolium","EA138",3,0,0,0,3,"non",2025-06-30,NA,"BG + FA","",4,"2025"
16,2,NA,"Eriophorum angustifolium","EA139",4,4,2,13.5,7,"oui",2025-06-30,NA,"BG + FA","",4,"2025"
16,2,NA,"Eriophorum angustifolium","EA140",5,3,1.5,14.5,3,"non",2025-06-30,NA,"BG + FA","",4,"2025"
1,1,NA,"Carex nigra","CN2",2,4.5,4,15.5,4,"oui",2025-09-01,NA,"BG","",5,"2025"
1,1,NA,"Carex nigra","CN6",6,5,4.5,13,4,"oui",2025-09-01,NA,"BG","",5,"2025"
1,1,NA,"Carex nigra","CN9",9,3,2.5,15,3,"non",2025-09-01,NA,"BG","",5,"2025"
1,2,NA,"Carex nigra","CN10",1,5,3,13,0,"non",2025-09-01,NA,"BG","",5,"2025"
1,2,NA,"Carex nigra","CN11",2,1.5,1,13.5,11,"oui",2025-09-01,NA,"BG","",5,"2025"
1,2,NA,"Carex nigra","CN12",3,4,3,17,2,"oui",2025-09-01,NA,"BG","",5,"2025"
1,2,NA,"Carex nigra","CN13",4,3,3,16,10,"oui",2025-09-01,NA,"BG","",5,"2025"
1,2,NA,"Carex nigra","CN14",5,4.5,3.5,13,5,"oui",2025-09-01,NA,"BG","",5,"2025"
1,2,NA,"Carex nigra","CN15",6,4,4,13.5,4,"oui",2025-09-01,NA,"BG","",5,"2025"
1,2,NA,"Carex nigra","CN16",7,3,2.5,14.5,2,"non",2025-09-01,NA,"BG","",5,"2025"
1,2,NA,"Carex nigra","CN17",8,2.5,2.5,15.5,2,"oui",2025-09-01,NA,"BG","",5,"2025"
1,2,NA,"Carex nigra","CN18",9,2.5,2.5,12,9,"oui",2025-09-01,NA,"BG","",5,"2025"
2,1,NA,"Eriophorum angustifolium","EA1",1,3,2.5,19.5,16,"oui",2025-09-01,NA,"BG","",5,"2025"
2,1,NA,"Eriophorum angustifolium","EA2",2,4,3.5,22,8,"oui",2025-09-01,NA,"BG","",5,"2025"
2,1,NA,"Eriophorum angustifolium","EA3",3,3.5,2.5,17.5,8,"oui",2025-09-01,NA,"BG","",5,"2025"
2,1,NA,"Eriophorum angustifolium","EA4",4,3,2,15,8,"non",2025-09-01,NA,"BG","",5,"2025"
2,1,NA,"Eriophorum angustifolium","EA5",5,1,1,13.5,7,"non",2025-09-01,NA,"BG","",5,"2025"
2,1,NA,"Eriophorum angustifolium","EA6",6,0.5,0.5,12.5,5,"oui",2025-09-01,NA,"BG","",5,"2025"
2,1,NA,"Eriophorum angustifolium","EA7",7,1.5,1,16,6,"non",2025-09-01,NA,"BG","",5,"2025"
2,1,NA,"Eriophorum angustifolium","EA9",9,1.5,1.5,13,6,"oui",2025-09-01,NA,"BG","",5,"2025"
2,2,NA,"Eriophorum angustifolium","EA11",2,2.5,2,20,11,"oui",2025-09-01,NA,"BG","",5,"2025"
2,2,NA,"Eriophorum angustifolium","EA12",3,2,1.5,18,11,"oui",2025-09-01,NA,"BG","",5,"2025"
2,2,NA,"Eriophorum angustifolium","EA15",6,3.5,3,18,6,"oui",2025-09-01,NA,"BG","",5,"2025"
2,2,NA,"Eriophorum angustifolium","EA17",8,0.5,0.5,11,5,"non",2025-09-01,NA,"BG","",5,"2025"
2,2,NA,"Eriophorum angustifolium","EA18",9,2.5,2.5,14,11,"non",2025-09-01,NA,"BG","",5,"2025"
3,1,NA,"Carex nigra","CN19",1,2,2,14.5,4,"non",2025-09-01,NA,"BG","",5,"2025"
3,1,NA,"Carex nigra","CN20",2,2,1.5,11.5,3,"oui",2025-09-01,NA,"BG","",5,"2025"
3,1,NA,"Carex nigra","CN21",3,4,3.5,15,10,"oui",2025-09-01,NA,"BG","",5,"2025"
3,1,NA,"Carex nigra","CN22",4,6,5,14,11,"oui",2025-09-01,NA,"BG","",5,"2025"
3,1,NA,"Carex nigra","CN23",5,2.5,2.5,14,4,"non",2025-09-01,NA,"BG","",5,"2025"
3,1,NA,"Carex nigra","CN24",6,6,5.5,16.5,4,"oui",2025-09-01,NA,"BG","",5,"2025"
3,1,NA,"Carex nigra","CN25",7,4,3,13,4,"oui",2025-09-01,NA,"BG","",5,"2025"
3,1,NA,"Carex nigra","CN26",8,1.5,1,7,5,"oui",2025-09-01,NA,"BG","",5,"2025"
3,1,NA,"Carex nigra","CN27",9,4,3.5,13,3,"non",2025-09-01,NA,"BG","",5,"2025"
3,2,NA,"Carex nigra","CN28",1,4,3,13.5,1,"oui",2025-09-01,NA,"BG","",5,"2025"
3,2,NA,"Carex nigra","CN29",2,1,1,10.5,7,"oui",2025-09-01,NA,"BG","",5,"2025"
3,2,NA,"Carex nigra","CN30",3,1.5,1.5,16.5,7,"non",2025-09-01,NA,"BG","",5,"2025"
3,2,NA,"Carex nigra","CN31",4,3,2.5,17,1,"oui",2025-09-01,NA,"BG","",5,"2025"
3,2,NA,"Carex nigra","CN33",6,2,2,14.5,8,"oui",2025-09-01,NA,"BG","",5,"2025"
3,2,NA,"Carex nigra","CN34",7,5,3.5,16,6,"oui",2025-09-01,NA,"BG","",5,"2025"
4,1,NA,"Eriophorum angustifolium","EA20",2,2.5,2,16.5,1,"non",2025-09-01,NA,"BG","",5,"2025"
4,1,NA,"Eriophorum angustifolium","EA21",3,2,2,17,13,"oui",2025-09-01,NA,"BG","",5,"2025"
4,1,NA,"Eriophorum angustifolium","EA25",7,4,1.5,23,17,"oui",2025-09-01,NA,"BG","",5,"2025"
4,1,NA,"Eriophorum angustifolium","EA27",9,2,2,24.5,9,"non",2025-09-01,NA,"BG","",5,"2025"
4,2,NA,"Eriophorum angustifolium","EA29",2,4,3,18,8,"oui",2025-09-01,NA,"BG","",5,"2025"
4,2,NA,"Eriophorum angustifolium","EA30",3,1,1,18,5,"oui",2025-09-01,NA,"BG","",5,"2025"
4,2,NA,"Eriophorum angustifolium","EA32",5,2.5,2.5,20,5,"oui",2025-09-01,NA,"BG","",5,"2025"
4,2,NA,"Carex nigra","EA33",6,0.5,0.5,13,5,"non",2025-09-01,NA,"BG","",5,"2025"
4,2,NA,"Eriophorum angustifolium","EA35",8,2,2,21.5,1,"non",2025-09-01,NA,"BG","",5,"2025"
4,2,NA,"Eriophorum angustifolium","EA36",9,2.5,1.5,10.5,6,"non",2025-09-01,NA,"BG","",5,"2025"
5,1,NA,"Carex nigra","CN37",1,4,2,16,0,"oui",2025-09-01,NA,"BG","",5,"2025"
5,1,NA,"Carex nigra","CN38",2,4,3.5,15,1,"non",2025-09-01,NA,"BG","",5,"2025"
5,1,NA,"Carex nigra","CN39",3,5,4,12,4,"oui",2025-09-01,NA,"BG","",5,"2025"
5,1,NA,"Carex nigra","CN40",4,5,4,16.5,2,"oui",2025-09-01,NA,"BG","",5,"2025"
5,1,NA,"Carex nigra","CN41",5,5,3,15,3,"oui",2025-09-01,NA,"BG","",5,"2025"
5,1,NA,"Carex nigra","CN42",6,5,4,17,0,"oui",2025-09-01,NA,"BG","",5,"2025"
5,1,NA,"Carex nigra","CN43",7,6,5.5,14,2,"oui",2025-09-01,NA,"BG","",5,"2025"
5,1,NA,"Carex nigra","CN44",8,3,2.5,12.5,1,"oui",2025-09-01,NA,"BG","",5,"2025"
5,2,NA,"Carex nigra","CN46",1,4,2.5,16,2,"oui",2025-09-01,NA,"BG","",5,"2025"
5,2,NA,"Carex nigra","CN47",2,7,6,17.5,1,"oui",2025-09-01,NA,"BG","",5,"2025"
5,2,NA,"Carex nigra","CN48",3,5.5,5,11,2,"oui",2025-09-01,NA,"BG","",5,"2025"
5,2,NA,"Carex nigra","CN49",4,4,4,13,0,"oui",2025-09-01,NA,"BG","",5,"2025"
5,2,NA,"Carex nigra","CN51",6,4,3.5,18.5,7,"oui",2025-09-01,NA,"BG","",5,"2025"
5,2,NA,"Carex nigra","CN52",7,2,1,12.5,3,"oui",2025-09-01,NA,"BG","",5,"2025"
5,2,NA,"Carex nigra","CN53",8,5,3,15,3,"oui",2025-09-01,NA,"BG","",5,"2025"
5,2,NA,"Carex nigra","CN54",9,1,1,9.5,1,"oui",2025-09-01,NA,"BG","",5,"2025"
6,1,NA,"Eriophorum angustifolium","EA38",2,2.5,1.5,19.5,16,"oui",2025-09-01,NA,"BG","",5,"2025"
6,1,NA,"Eriophorum angustifolium","EA40",4,3,2.5,21,11,"oui",2025-09-01,NA,"BG","",5,"2025"
6,1,NA,"Eriophorum angustifolium","EA43",7,3.5,2,18,10,"oui",2025-09-01,NA,"BG","",5,"2025"
6,1,NA,"Eriophorum angustifolium","EA44",8,2,1,10,7,"oui",2025-09-01,NA,"BG","",5,"2025"
6,1,NA,"Eriophorum angustifolium","EA45",9,2.5,1.5,18,11,"non",2025-09-01,NA,"BG","",5,"2025"
6,2,NA,"Eriophorum angustifolium","EA46",1,2.5,2.5,17,9,"oui",2025-09-01,NA,"BG","",5,"2025"
6,2,NA,"Eriophorum angustifolium","EA47",2,5.5,4,26,7,"oui",2025-09-01,NA,"BG","",5,"2025"
6,2,NA,"Eriophorum angustifolium","EA48",3,1,1,18.5,5,"oui",2025-09-01,NA,"BG","",5,"2025"
6,2,NA,"Eriophorum angustifolium","EA50",5,4,3,18,9,"oui",2025-09-01,NA,"BG","",5,"2025"
6,2,NA,"Eriophorum angustifolium","EA51",6,2.5,1.5,16,9,"oui",2025-09-01,NA,"BG","",5,"2025"
6,2,NA,"Eriophorum angustifolium","EA53",8,3,2.5,14.5,3,"oui",2025-09-01,NA,"BG","",5,"2025"
6,2,NA,"Eriophorum angustifolium","EA54",9,3.5,1.5,18,8,"non",2025-09-01,NA,"BG","",5,"2025"
7,1,NA,"Carex nigra","CN55",1,3,2,10,6,"non",2025-09-01,NA,"BG","",5,"2025"
7,1,NA,"Carex nigra","CN56",2,3,2.5,12.5,3,"oui",2025-09-01,NA,"BG","",5,"2025"
7,1,NA,"Carex nigra","CN57",3,3,3,13,3,"oui",2025-09-01,NA,"BG","",5,"2025"
7,1,NA,"Carex nigra","CN58",4,3.5,2.5,14,0,"non",2025-09-01,NA,"BG","",5,"2025"
7,1,NA,"Carex nigra","CN59",5,3,2,13,3,"oui",2025-09-01,NA,"BG","",5,"2025"
7,1,NA,"Carex nigra","CN60",6,6,3.5,11,3,"oui",2025-09-01,NA,"BG","",5,"2025"
7,1,NA,"Carex nigra","CN61",7,5.5,4,16,4,"oui",2025-09-01,NA,"BG","",5,"2025"
7,1,NA,"Carex nigra","CN62",8,5.5,4,17,3,"oui",2025-09-01,NA,"BG","",5,"2025"
7,1,NA,"Carex nigra","CN63",9,4,3.5,14.5,3,"non",2025-09-01,NA,"BG","",5,"2025"
7,2,NA,"Carex nigra","CN64",1,5,4.5,18,2,"oui",2025-09-01,NA,"BG","",5,"2025"
7,2,NA,"Carex nigra","CN65",2,1,1,11,0,"non",2025-09-01,NA,"BG","",5,"2025"
7,2,NA,"Carex nigra","CN66",3,3.5,3,9,2,"non",2025-09-01,NA,"BG","",5,"2025"
7,2,NA,"Carex nigra","CN67",4,4.5,4,14,2,"oui",2025-09-01,NA,"BG","",5,"2025"
7,2,NA,"Carex nigra","CN68",5,6.5,4,13,1,"oui",2025-09-01,NA,"BG","",5,"2025"
7,2,NA,"Carex nigra","CN69",6,5.5,4.5,14,0,"oui",2025-09-01,NA,"BG","",5,"2025"
7,2,NA,"Carex nigra","CN70",7,6,5,15,1,"non",2025-09-01,NA,"BG","",5,"2025"
7,2,NA,"Carex nigra","CN71",8,3,2,10.5,3,"oui",2025-09-01,NA,"BG","",5,"2025"
8,1,NA,"Eriophorum angustifolium","EA55",1,2,1.5,15,4,"oui",2025-09-01,NA,"BG","",5,"2025"
8,1,NA,"Eriophorum angustifolium","EA56",2,3,1.5,15,5,"non",2025-09-01,NA,"BG","",5,"2025"
8,1,NA,"Eriophorum angustifolium","EA57",3,3,1.5,21.5,8,"non",2025-09-01,NA,"BG","",5,"2025"
8,1,NA,"Eriophorum angustifolium","EA60",6,2.5,1,11,3,"oui",2025-09-01,NA,"BG","",5,"2025"
8,1,NA,"Eriophorum angustifolium","EA61",7,4.5,3.5,24,13,"non",2025-09-01,NA,"BG","",5,"2025"
8,1,NA,"Eriophorum angustifolium","EA62",8,2,2,18,16,"oui",2025-09-01,NA,"BG","",5,"2025"
8,1,NA,"Eriophorum angustifolium","EA63",9,4.5,3.5,23,5,"non",2025-09-01,NA,"BG","",5,"2025"
8,2,NA,"Eriophorum angustifolium","EA64",1,3.5,2.5,17,7,"oui",2025-09-01,NA,"BG","",5,"2025"
8,2,NA,"Eriophorum angustifolium","EA65",2,4.5,2.5,15,6,"oui",2025-09-01,NA,"BG","",5,"2025"
8,2,NA,"Eriophorum angustifolium","EA66",3,3,3,13,6,"non",2025-09-01,NA,"BG","",5,"2025"
8,2,NA,"Eriophorum angustifolium","EA67",4,3.5,3,16.5,4,"oui",2025-09-01,NA,"BG","",5,"2025"
8,2,NA,"Eriophorum angustifolium","EA68",5,4,3.5,20,5,"oui",2025-09-01,NA,"BG","",5,"2025"
8,2,NA,"Eriophorum angustifolium","EA69",6,2.5,2,12.5,11,"non",2025-09-01,NA,"BG","",5,"2025"
8,2,NA,"Eriophorum angustifolium","EA70",7,4,3.5,20.5,13,"non",2025-09-01,NA,"BG","",5,"2025"
8,2,NA,"Eriophorum angustifolium","EA71",8,3.5,3,20,6,"non",2025-09-01,NA,"BG","",5,"2025"
8,2,NA,"Eriophorum angustifolium","EA72",9,3,3,25.5,8,"non",2025-09-01,NA,"BG","",5,"2025"
9,1,NA,"Carex nigra","CN73",1,5.5,4,15,1,"oui",2025-09-01,NA,"BG","",5,"2025"
9,1,NA,"Carex nigra","CN74",2,2,1.5,10.5,0,"non",2025-09-01,NA,"BG","",5,"2025"
9,1,NA,"Carex nigra","CN75",3,5,5,14,0,"oui",2025-09-01,NA,"BG","",5,"2025"
9,1,NA,"Carex nigra","CN76",4,3.5,3,14,1,"non",2025-09-01,NA,"BG","",5,"2025"
9,1,NA,"Carex nigra","CN77",5,5.5,4,14,4,"oui",2025-09-01,NA,"BG","",5,"2025"
9,1,NA,"Carex nigra","CN78",6,5,4.5,21,1,"oui",2025-09-01,NA,"BG","",5,"2025"
9,1,NA,"Carex nigra","CN81",9,3,2,12,1,"non",2025-09-01,NA,"BG","",5,"2025"
9,2,NA,"Carex nigra","CN82",1,3,3,14,0,"non",2025-09-01,NA,"BG","",5,"2025"
9,2,NA,"Carex nigra","CN83",2,3,2,15,1,"non",2025-09-01,NA,"BG","",5,"2025"
9,2,NA,"Carex nigra","CN84",3,5,5,24,1,"oui",2025-09-01,NA,"BG","",5,"2025"
9,2,NA,"Carex nigra","CN86",5,4.5,4.5,16.5,4,"non",2025-09-01,NA,"BG","",5,"2025"
9,2,NA,"Carex nigra","CN87",6,3.5,3,15.5,3,"oui",2025-09-01,NA,"BG","",5,"2025"
9,2,NA,"Carex nigra","CN88",7,3.5,3,17,0,"oui",2025-09-01,NA,"BG","",5,"2025"
9,2,NA,"Carex nigra","CN89",8,5,4,13,6,"oui",2025-09-01,NA,"BG","",5,"2025"
9,2,NA,"Carex nigra","CN90",9,4,3,13,0,"oui",2025-09-01,NA,"BG","",5,"2025"
10,1,NA,"Eriophorum angustifolium","EA73",1,3,1.5,16,9,"oui",2025-09-01,NA,"BG","champignons",5,"2025"
10,1,NA,"Eriophorum angustifolium","EA74",2,3,2,15,9,"oui",2025-09-01,NA,"BG","",5,"2025"
10,1,NA,"Eriophorum angustifolium","EA75",3,4,3,15.5,11,"oui",2025-09-01,NA,"BG","",5,"2025"
10,1,NA,"Eriophorum angustifolium","EA76",4,4.5,3,21,9,"oui",2025-09-01,NA,"BG","",5,"2025"
10,1,NA,"Eriophorum angustifolium","EA77",5,3,2,20,14,"oui",2025-09-01,NA,"BG","",5,"2025"
10,1,NA,"Eriophorum angustifolium","EA78",6,4,3,19.5,6,"non",2025-09-01,NA,"BG","",5,"2025"
10,1,NA,"Eriophorum angustifolium","EA79",7,4,2.5,17.5,7,"oui",2025-09-01,NA,"BG","",5,"2025"
10,1,NA,"Eriophorum angustifolium","EA80",8,3,2,21.5,5,"oui",2025-09-01,NA,"BG","",5,"2025"
10,1,NA,"Eriophorum angustifolium","EA81",9,3,1,18,9,"oui",2025-09-01,NA,"BG","",5,"2025"
10,2,NA,"Eriophorum angustifolium","EA82",1,2.5,2.5,16,8,"non",2025-09-01,NA,"BG","",5,"2025"
10,2,NA,"Eriophorum angustifolium","EA83",2,3,3,14.5,10,"oui",2025-09-01,NA,"BG","",5,"2025"
10,2,NA,"Eriophorum angustifolium","EA84",3,2.5,2,17.5,12,"oui",2025-09-01,NA,"BG","",5,"2025"
10,2,NA,"Eriophorum angustifolium","EA85",4,4,3,20,11,"oui",2025-09-01,NA,"BG","",5,"2025"
10,2,NA,"Eriophorum angustifolium","EA87",6,2,2,20,7,"oui",2025-09-01,NA,"BG","",5,"2025"
10,2,NA,"Eriophorum angustifolium","EA88",7,3.5,2.5,17,8,"oui",2025-09-01,NA,"BG","",5,"2025"
10,2,NA,"Eriophorum angustifolium","EA89",8,2.5,2,11.5,5,"non",2025-09-01,NA,"BG","",5,"2025"
11,1,NA,"Carex nigra","CN91",1,6,5,14.5,1,"oui",2025-09-01,NA,"BG","",5,"2025"
11,1,NA,"Carex nigra","CN92",2,5.5,3.5,19,2,"oui",2025-09-01,NA,"BG","",5,"2025"
11,1,NA,"Carex nigra","CN95",5,4,3,15.5,10,"oui",2025-09-01,NA,"BG","",5,"2025"
11,1,NA,"Carex nigra","CN96",6,3.5,2.5,13.5,9,"oui",2025-09-01,NA,"BG","",5,"2025"
11,1,NA,"Carex nigra","CN97",7,3,2.5,15,5,"oui",2025-09-01,NA,"BG","",5,"2025"
11,1,NA,"Carex nigra","CN98",8,2,1.5,12,1,"oui",2025-09-01,NA,"BG","",5,"2025"
11,1,NA,"Carex nigra","CN99",9,5,4,20,4,"oui",2025-09-01,NA,"BG","",5,"2025"
11,2,NA,"Carex nigra","CN100",1,1,1,11.5,0,"oui",2025-09-01,NA,"BG","",5,"2025"
11,2,NA,"Carex nigra","CN102",3,0.5,0.5,9,4,"oui",2025-09-01,NA,"BG","",5,"2025"
11,2,NA,"Carex nigra","CN103",4,5,4,18.5,1,"oui",2025-09-01,NA,"BG","",5,"2025"
11,2,NA,"Carex nigra","CN104",5,3.5,1.5,13.5,0,"oui",2025-09-01,NA,"BG","",5,"2025"
11,2,NA,"Carex nigra","CN105",6,2.5,1.5,16,0,"oui",2025-09-01,NA,"BG","",5,"2025"
11,2,NA,"Carex nigra","CN106",7,2.5,2,18,1,"oui",2025-09-01,NA,"BG","",5,"2025"
11,2,NA,"Carex nigra","CN107",8,0.5,0.5,10.5,0,"oui",2025-09-01,NA,"BG","",5,"2025"
11,2,NA,"Carex nigra","CN108",9,1,1,6,0,"non",2025-09-01,NA,"BG","",5,"2025"
12,1,NA,"Eriophorum angustifolium","EA92",2,4,3.5,15,7,"non",2025-09-01,NA,"BG","",5,"2025"
12,1,NA,"Eriophorum angustifolium","EA93",3,2,1.5,20,1,"non",2025-09-01,NA,"BG","",5,"2025"
12,1,NA,"Eriophorum angustifolium","EA95",5,1,1,15,7,"oui",2025-09-01,NA,"BG","",5,"2025"
12,1,NA,"Carex nigra","EA96",6,2,2,15.5,6,"non",2025-09-01,NA,"BG","",5,"2025"
12,1,NA,"Eriophorum angustifolium","EA97",7,1.5,1,21,8,"oui",2025-09-01,NA,"BG","",5,"2025"
12,1,NA,"Eriophorum angustifolium","EA99",9,1.5,1.5,14,8,"non",2025-09-01,NA,"BG","",5,"2025"
12,2,NA,"Eriophorum angustifolium","EA101",2,4.5,2.5,17,10,"oui",2025-09-01,NA,"BG","",5,"2025"
12,2,NA,"Eriophorum angustifolium","EA102",3,3,3,18,10,"oui",2025-09-01,NA,"BG","",5,"2025"
12,2,NA,"Eriophorum angustifolium","EA106",7,4,4,21.5,11,"oui",2025-09-01,NA,"BG","",5,"2025"
12,2,NA,"Eriophorum angustifolium","EA108",9,3.5,1,9,5,"non",2025-09-01,NA,"BG","",5,"2025"
13,1,NA,"Carex nigra","CN109",1,6.5,4,13,0,"oui",2025-09-01,NA,"BG","",5,"2025"
13,1,NA,"Carex nigra","CN110",2,5.5,5,19,1,"oui",2025-09-01,NA,"BG","",5,"2025"
13,1,NA,"Carex nigra","CN111",3,4,3.5,19,0,"oui",2025-09-01,NA,"BG","",5,"2025"
13,1,NA,"Carex nigra","CN112",4,2.5,2,13.5,2,"non",2025-09-01,NA,"BG","",5,"2025"
13,1,NA,"Carex nigra","CN113",5,6,4.5,17.5,0,"oui",2025-09-01,NA,"BG","",5,"2025"
13,1,NA,"Carex nigra","CN114",6,5,3,17,2,"non",2025-09-01,NA,"BG","",5,"2025"
13,1,NA,"Carex nigra","CN115",7,6,5.5,16,4,"oui",2025-09-01,NA,"BG","",5,"2025"
13,1,NA,"Carex nigra","CN116",8,5.5,3,14,2,"oui",2025-09-01,NA,"BG","",5,"2025"
13,1,NA,"Carex nigra","CN117",9,4,3,11,0,"oui",2025-09-01,NA,"BG","",5,"2025"
13,2,NA,"Carex nigra","CN119",2,5,4,13.5,0,"oui",2025-09-01,NA,"BG","",5,"2025"
13,2,NA,"Carex nigra","CN120",3,3,2,12.5,0,"oui",2025-09-01,NA,"BG","",5,"2025"
13,2,NA,"Carex nigra","CN121",4,5,3,11,0,"oui",2025-09-01,NA,"BG","",5,"2025"
13,2,NA,"Carex nigra","CN124",7,1.5,1.5,11.5,7,"oui",2025-09-01,NA,"BG","",5,"2025"
13,2,NA,"Carex nigra","CN125",8,3,2,18,0,"oui",2025-09-01,NA,"BG","",5,"2025"
13,2,NA,"Carex nigra","CN126",9,3.5,2,16,1,"oui",2025-09-01,NA,"BG","",5,"2025"
14,1,NA,"Eriophorum angustifolium","EA109",1,3,1.5,14.5,8,"oui",2025-09-01,NA,"BG","",5,"2025"
14,1,NA,"Eriophorum angustifolium","EA110",2,3.5,3,18.5,2,"oui",2025-09-01,NA,"BG","",5,"2025"
14,1,NA,"Eriophorum angustifolium","EA112",4,3.5,3,20,15,"oui",2025-09-01,NA,"BG","",5,"2025"
14,1,NA,"Eriophorum angustifolium","EA114",6,5.5,3.5,21.5,4,"oui",2025-09-01,NA,"BG","",5,"2025"
14,1,NA,"Eriophorum angustifolium","EA116",8,5.5,3,19,6,"oui",2025-09-01,NA,"BG","",5,"2025"
14,1,NA,"Eriophorum angustifolium","EA117",9,3,2.5,14,13,"non",2025-09-01,NA,"BG","",5,"2025"
14,2,NA,"Eriophorum angustifolium","EA118",1,3,3,23,2,"oui",2025-09-01,NA,"BG","",5,"2025"
14,2,NA,"Eriophorum angustifolium","EA123",6,1.5,1,10,6,"non",2025-09-01,NA,"BG","",5,"2025"
15,1,NA,"Carex nigra","CN127",1,7,4,18,2,"oui",2025-09-01,NA,"BG","",5,"2025"
15,1,NA,"Carex nigra","CN130",4,6.5,3.5,14,3,"non",2025-09-01,NA,"BG","",5,"2025"
15,1,NA,"Carex nigra","CN132",6,3,2.5,11.5,1,"oui",2025-09-01,NA,"BG","",5,"2025"
15,1,NA,"Carex nigra","CN133",7,6,3.5,11.5,1,"oui",2025-09-01,NA,"BG","",5,"2025"
15,1,NA,"Carex nigra","CN135",9,6,5,16,1,"oui",2025-09-01,NA,"BG","",5,"2025"
15,2,NA,"Carex nigra","CN136",1,3.5,3,15.5,0,"oui",2025-09-01,NA,"BG","",5,"2025"
15,2,NA,"Carex nigra","CN138",3,4.5,3,15,0,"oui",2025-09-01,NA,"BG","",5,"2025"
15,2,NA,"Carex nigra","CN139",4,4.5,4.5,17,1,"non",2025-09-01,NA,"BG","",5,"2025"
15,2,NA,"Carex nigra","CN140",5,4,3,17.5,2,"oui",2025-09-01,NA,"BG","",5,"2025"
15,2,NA,"Carex nigra","CN141",6,4,3,10.5,4,"oui",2025-09-01,NA,"BG","",5,"2025"
15,2,NA,"Carex nigra","CN143",8,2.5,1,10,0,"non",2025-09-01,NA,"BG","",5,"2025"
15,2,NA,"Carex nigra","CN144",9,2.5,2,10.5,1,"oui",2025-09-01,NA,"BG","",5,"2025"
16,1,NA,"Eriophorum angustifolium","EA128",2,1,1,3,6,"oui",2025-09-01,NA,"BG","",5,"2025"
16,1,NA,"Eriophorum angustifolium","EA129",3,2.5,1,14.5,7,"non",2025-09-01,NA,"BG","",5,"2025"
16,1,NA,"Eriophorum angustifolium","EA131",5,3.5,3,14.5,7,"oui",2025-09-01,NA,"BG","",5,"2025"
16,1,NA,"Eriophorum angustifolium","EA132",6,2,1.5,11.5,11,"oui",2025-09-01,NA,"BG","1 reprise dans la berge ?",5,"2025"
16,1,NA,"Eriophorum angustifolium","EA133",7,3,2,19.5,8,"non",2025-09-01,NA,"BG","",5,"2025"
16,1,NA,"Eriophorum angustifolium","EA134",8,5,3,14,9,"oui",2025-09-01,NA,"BG","",5,"2025"
16,1,NA,"Eriophorum angustifolium","EA135",9,4,3.5,23,5,"non",2025-09-01,NA,"BG","",5,"2025"
16,2,NA,"Eriophorum angustifolium","EA138",3,2,1,8.5,5,"non",2025-09-01,NA,"BG","",5,"2025"
16,2,NA,"Eriophorum angustifolium","EA139",4,3.5,3,18,9,"oui",2025-09-01,NA,"BG","",5,"2025"
16,2,NA,"Eriophorum angustifolium","EA140",5,5,3,21.5,5,"non",2025-09-01,NA,"BG","",5,"2025"
